0,0,0,0,0,0,0,0,0,0,0,0,0,0,0,0,0,0,0,0,0,0,0,0,0,0,0,0,0,0,0,0,0,0,0,0,0,0,0,0,0,0,0,600,0,0,0,0,0,0
0,0,0,0,0,0,0,0,0,0,0,0,0,0,0,0,0,0,0,0,0,0,0,0,0,0,0,0,0,0,0,0,0,0,0,0,0,0,0,0,0,0,0,600,0,0,0,0,0,0
0,412,0,0,0,0,1,0,1,3,1,2,0,0,0,0,2,0,3,0,0,0,0,0,2,0,0,0,0,0,0,0,0,0,5,0,0,0,0,0,0,0,0,166,0,0,2,0,0,0
36,2,0,146,1,0,125,61,0,4,4,48,0,0,3,0,8,0,1,2,2,0,0,0,39,4,0,1,0,3,0,1,1,3,7,7,0,1,0,3,0,2,1,73,3,1,7,0,0,0
0,0,0,0,0,0,0,0,0,0,0,0,0,0,0,0,0,0,0,0,0,0,0,0,1,0,0,0,0,0,0,0,0,0,0,0,0,0,581,0,0,0,0,0,18,0,0,0,0,0
0,0,0,0,0,0,0,0,0,0,0,0,0,0,0,0,0,0,0,0,0,0,0,0,0,0,0,0,0,0,0,0,0,0,0,0,0,0,600,0,0,0,0,0,0,0,0,0,0,0
90,3,2,1,4,0,1,1,0,1,27,2,3,0,0,1,1,0,0,3,50,1,0,1,99,47,12,0,108,1,0,0,0,0,58,5,0,0,6,1,0,23,1,29,0,0,18,0,0,0
55,7,0,10,7,1,0,3,2,0,1,1,4,0,1,0,1,0,2,299,8,0,0,0,12,1,4,0,0,0,0,0,0,0,46,6,0,0,1,0,0,21,2,91,1,0,13,0,0,0
0,147,0,0,1,0,0,1,0,0,0,1,1,88,5,0,2,1,0,92,0,2,2,0,0,5,0,0,3,148,0,0,0,1,0,1,0,0,0,5,0,0,0,91,0,1,2,0,0,0
0,2,0,18,0,103,0,3,1,1,0,138,1,3,1,2,109,0,2,0,0,4,2,1,0,0,1,1,14,110,0,0,0,4,0,1,0,0,0,0,0,0,0,1,0,0,77,0,0,0
0,0,0,0,2,212,0,0,0,0,0,0,0,0,0,0,0,0,0,0,293,0,0,0,0,0,1,0,0,0,0,0,0,0,86,0,0,1,0,0,0,4,0,1,0,0,0,0,0,0
4,2,0,0,0,0,0,0,0,1,0,84,2,0,1,0,0,1,3,0,233,0,0,0,198,0,1,0,1,0,0,0,0,0,60,4,0,0,3,0,0,1,1,0,0,0,0,0,0,0
78,5,0,0,0,0,0,66,0,1,0,149,0,4,4,1,2,94,1,2,1,0,2,1,1,102,0,2,10,52,0,0,0,5,0,1,0,3,4,1,0,2,1,2,1,0,2,0,0,0
0,1,0,0,0,0,0,306,1,1,1,0,0,0,1,0,1,3,0,0,0,2,1,138,0,0,0,1,1,0,0,0,0,4,0,0,0,0,1,1,0,0,0,0,0,0,136,0,0,0
0,1,5,0,0,0,0,0,0,1,0,1,0,0,0,0,5,0,1,0,298,2,0,34,0,0,0,0,7,0,0,0,171,0,6,3,0,0,0,0,0,0,0,61,1,0,0,0,2,1
0,0,0,0,0,0,0,0,0,0,0,0,0,0,0,0,0,0,0,0,600,0,0,0,0,0,0,0,0,0,0,0,0,0,0,0,0,0,0,0,0,0,0,0,0,0,0,0,0,0
0,0,0,0,0,0,0,0,0,0,0,0,0,0,0,0,0,0,0,0,600,0,0,0,0,0,0,0,0,0,0,0,0,0,0,0,0,0,0,0,0,0,0,0,0,0,0,0,0,0
32,4,0,0,0,0,0,0,0,1,0,0,6,1,0,0,0,0,0,0,287,0,0,0,2,17,0,0,7,0,0,0,0,0,122,0,0,0,2,1,0,4,113,0,0,0,1,0,0,0
0,0,0,0,0,0,0,0,0,0,0,0,0,0,0,0,0,0,0,0,0,0,0,0,0,0,0,0,0,0,0,0,0,0,0,0,0,0,0,0,0,0,600,0,0,0,0,0,0,0
0,0,0,0,0,0,0,0,0,276,0,0,0,0,3,0,0,0,0,0,0,1,0,0,0,0,0,4,0,0,0,0,3,1,0,0,0,0,0,1,0,0,260,0,50,0,0,0,1,0
0,1,0,41,0,2,0,3,0,115,3,0,3,6,1,0,3,2,0,0,4,10,5,2,0,1,0,0,6,0,0,0,18,3,5,0,0,0,1,3,0,101,1,15,228,1,15,1,0,0
3,2,1,120,5,28,2,6,2,4,4,65,5,2,2,0,0,2,4,6,52,0,0,0,120,1,5,4,1,2,0,4,0,1,61,4,0,0,2,2,1,11,5,52,5,2,1,0,0,1
1,5,0,97,1,0,0,1,2,0,0,0,0,0,5,4,0,0,11,1,35,0,0,0,27,1,1,0,2,1,0,0,0,1,185,94,0,0,0,0,0,0,2,89,0,1,32,1,0,0
0,0,0,0,0,1,0,0,0,0,1,0,0,0,0,0,0,0,0,1,144,0,0,0,0,0,1,0,0,0,1,0,0,0,0,449,0,0,0,0,0,1,0,0,0,0,0,0,0,1
0,0,0,0,0,0,0,0,0,0,0,0,0,0,0,0,0,0,0,0,0,0,0,0,0,0,0,0,0,0,0,0,0,0,0,600,0,0,0,0,0,0,0,0,0,0,0,0,0,0
1,1,0,0,0,0,0,1,1,0,0,0,0,0,0,5,0,0,1,3,1,0,0,0,1,1,1,3,0,0,0,0,0,0,1,360,0,0,0,0,0,2,0,140,0,0,77,0,0,0
0,0,0,0,0,0,0,1,0,0,0,1,1,0,0,0,0,2,0,0,0,0,0,0,0,0,0,1,0,0,0,0,0,0,0,0,0,0,0,0,0,3,0,19,0,0,572,0,0,0
0,0,0,0,0,0,0,0,0,0,0,0,0,0,0,0,0,0,0,0,0,0,0,0,0,0,0,0,0,0,0,0,0,0,0,0,0,0,0,0,0,0,0,600,0,0,0,0,0,0
0,0,0,0,0,0,0,0,0,0,0,0,0,0,0,0,0,0,0,0,0,0,0,0,0,0,0,0,0,0,0,0,0,0,0,0,0,0,0,0,0,0,0,600,0,0,0,0,0,0
0,0,0,0,0,0,0,1,0,0,0,0,2,0,1,0,0,0,1,0,0,0,0,1,0,0,0,0,0,0,0,0,0,1,0,0,0,0,0,0,0,0,0,16,0,0,577,0,0,0
0,0,0,0,0,0,0,0,0,0,0,0,0,0,0,0,0,0,0,0,0,0,0,0,0,0,0,0,0,0,0,0,0,0,0,0,0,0,0,0,0,0,0,0,0,0,600,0,0,0
0,1,0,0,0,0,0,1,1,2,1,0,2,0,0,0,0,3,0,0,1,0,0,0,0,0,0,0,0,0,0,0,0,0,0,0,0,0,7,1,0,1,0,0,1,0,94,484,0,0
0,0,0,0,0,0,0,0,0,0,0,0,0,0,0,0,0,0,0,0,0,0,0,0,0,0,0,0,0,0,0,0,0,0,0,0,0,0,0,0,0,0,0,0,0,0,0,600,0,0
0,0,0,0,0,0,0,0,0,0,0,0,0,0,0,0,0,0,0,0,0,0,0,0,0,0,0,0,0,0,0,0,0,0,0,0,0,0,0,0,0,0,0,240,0,0,0,360,0,0
0,0,0,0,0,0,0,0,0,0,0,0,0,0,0,0,0,0,0,0,0,0,0,0,0,0,0,0,0,0,0,0,0,0,0,0,0,0,0,0,0,0,0,600,0,0,0,0,0,0
1,1,0,4,2,0,0,2,0,1,0,1,0,2,2,0,1,0,1,0,0,0,0,0,0,0,0,0,1,1,0,0,0,1,0,1,0,0,0,0,0,1,1,573,0,0,3,0,0,0
262,0,0,0,0,0,0,0,0,0,1,0,1,0,0,0,0,0,0,1,0,0,0,0,6,0,1,0,0,0,0,0,0,0,8,0,0,0,1,0,0,0,1,318,0,0,0,0,0,0
0,0,0,0,0,0,0,0,0,0,0,0,0,0,0,0,0,0,0,493,0,0,0,0,0,0,1,0,0,0,0,0,0,0,3,1,0,0,0,0,0,0,0,98,0,0,4,0,0,0
0,0,0,0,0,0,0,0,0,0,0,0,0,0,0,0,0,0,0,600,0,0,0,0,0,0,0,0,0,0,0,0,0,0,0,0,0,0,0,0,0,0,0,0,0,0,0,0,0,0
4,0,0,0,0,0,0,0,0,0,0,0,4,0,0,0,0,0,0,540,0,0,0,0,0,0,1,0,0,0,0,0,0,0,0,0,0,0,0,0,0,0,2,49,0,0,0,0,0,0
0,0,0,0,0,0,0,0,0,0,0,0,0,0,0,0,0,0,0,0,0,0,0,0,0,0,0,0,0,0,0,0,0,0,0,0,0,0,0,0,0,0,0,600,0,0,0,0,0,0
0,0,0,0,0,0,0,0,0,0,0,0,0,0,0,0,0,0,0,0,0,0,0,0,0,0,0,0,0,0,0,0,0,0,0,0,0,0,0,0,0,0,0,600,0,0,0,0,0,0
0,0,0,0,0,0,0,0,0,0,0,0,0,0,0,0,0,0,0,0,0,0,0,0,0,0,0,0,0,0,0,0,0,0,0,0,0,0,0,0,0,0,0,600,0,0,0,0,0,0
0,0,0,0,0,0,0,0,0,0,0,0,0,0,0,0,0,0,0,0,0,0,0,0,0,0,0,0,0,0,0,0,0,0,0,0,0,0,0,0,0,0,0,600,0,0,0,0,0,0
0,0,0,0,0,0,0,0,0,0,0,0,0,0,0,0,0,0,0,0,0,0,0,0,0,0,0,0,0,0,0,0,0,0,0,0,0,0,0,0,0,0,0,600,0,0,0,0,0,0
1,27,0,11,1,0,0,0,0,2,2,0,101,0,1,0,0,0,2,2,2,0,0,0,3,2,2,1,2,1,0,1,1,1,2,0,0,1,6,2,0,0,0,420,1,1,1,0,0,0
0,0,0,0,0,0,0,0,0,0,0,0,62,0,0,0,0,0,6,0,0,0,0,0,0,0,0,0,0,0,0,0,0,0,0,0,0,0,0,1,0,522,0,9,0,0,0,0,0,0
0,0,0,0,0,0,0,0,0,0,0,0,0,0,0,0,0,0,0,0,0,0,0,0,0,0,0,0,0,0,0,0,0,0,0,0,0,0,0,0,0,600,0,0,0,0,0,0,0,0
0,0,0,0,0,0,0,0,0,0,0,0,0,0,0,0,0,0,0,1,0,0,0,0,339,0,0,0,0,0,0,0,0,0,0,0,0,0,0,0,0,260,0,0,0,0,0,0,0,0
0,0,0,0,0,0,0,0,0,0,0,0,0,0,0,2,0,0,6,0,0,0,0,0,428,0,0,0,0,0,0,0,0,2,1,0,0,0,0,0,0,44,0,105,0,0,12,0,0,0
0,0,0,0,0,0,0,0,0,0,0,0,0,0,0,0,0,0,0,0,0,0,0,0,0,0,0,0,0,0,0,0,0,0,0,0,0,0,0,0,0,0,0,600,0,0,0,0,0,0
0,0,0,1,0,0,0,0,0,0,0,0,0,0,0,0,0,0,0,0,5,0,0,0,0,0,0,0,0,0,0,2,0,0,371,0,0,0,1,0,0,0,1,219,0,0,0,0,0,0
0,266,0,0,0,1,0,3,0,1,0,23,2,0,0,0,1,2,1,2,95,0,0,0,2,0,1,1,0,0,1,1,0,0,76,0,0,0,0,0,0,2,3,114,0,0,2,0,0,0
0,78,0,0,0,0,0,0,0,0,0,0,0,0,0,0,0,0,0,0,0,0,0,0,0,0,0,0,0,0,0,0,0,0,516,0,0,0,0,0,0,6,0,0,0,0,0,0,0,0
1,0,0,0,0,0,2,1,0,5,0,0,0,0,0,1,0,0,0,0,5,0,0,0,341,0,1,0,1,0,0,1,0,0,75,0,0,0,2,0,0,0,1,162,0,0,1,0,0,0
0,0,0,0,0,0,0,0,0,0,0,0,0,0,0,0,0,0,0,0,0,0,0,0,134,0,0,0,0,0,0,0,0,0,0,0,0,0,0,0,0,0,0,466,0,0,0,0,0,0
0,0,0,0,0,0,0,0,0,0,0,0,0,0,0,0,0,0,0,0,0,0,0,0,0,0,0,0,0,0,0,0,0,0,0,0,0,0,3,0,0,0,0,596,0,0,1,0,0,0
0,0,0,0,0,0,0,0,0,0,0,0,0,0,0,0,0,0,0,0,0,0,0,0,0,0,0,0,0,0,0,0,0,0,0,0,0,0,0,0,0,0,0,0,600,0,0,0,0,0
9,1,0,2,0,0,1,0,0,3,0,0,7,0,0,0,0,1,0,10,0,0,0,0,6,0,3,1,0,1,0,0,0,6,473,0,0,0,9,1,0,4,2,31,28,0,0,1,0,0
196,0,0,6,0,1,0,1,0,3,225,0,3,0,0,4,0,0,1,0,1,0,7,0,2,0,0,1,1,0,0,1,0,0,122,1,0,0,0,0,0,6,0,12,0,0,6,0,0,0
352,0,2,0,14,0,0,1,1,0,1,2,0,1,0,0,0,0,0,0,0,0,0,0,1,0,0,0,1,0,0,3,0,0,0,0,0,0,0,0,0,3,0,0,0,0,218,0,0,0
262,0,0,0,0,0,0,0,0,0,0,0,1,0,0,0,0,0,0,0,0,0,0,0,0,0,0,0,0,0,0,0,0,0,0,0,0,0,5,0,0,330,0,2,0,0,0,0,0,0
0,0,0,0,0,0,0,0,0,0,0,0,0,0,0,0,0,0,0,0,0,0,0,0,0,0,0,0,0,0,0,0,0,0,0,0,0,0,0,0,0,588,0,12,0,0,0,0,0,0
0,0,0,0,0,0,0,0,0,35,0,0,0,0,0,0,0,0,0,0,0,0,0,0,0,0,0,0,0,0,0,0,0,0,123,0,0,0,0,0,0,0,1,440,0,0,1,0,0,0
364,0,0,0,0,1,0,0,0,0,0,0,7,0,0,3,4,4,1,1,0,0,0,0,2,0,2,0,0,0,0,2,0,0,0,107,0,0,6,0,1,0,0,93,1,0,1,0,0,0
64,2,0,1,1,0,0,0,0,9,2,0,23,0,2,1,1,4,0,1,2,0,0,0,194,1,4,0,0,0,0,0,0,6,8,3,0,0,6,1,0,4,1,183,26,0,50,0,0,0
0,0,0,0,0,0,0,0,0,0,0,0,0,0,0,0,0,0,0,0,0,0,0,0,0,0,0,6,0,0,0,0,0,0,134,0,0,0,460,0,0,0,0,0,0,0,0,0,0,0
2,0,0,0,1,0,0,0,1,509,0,0,1,0,0,0,1,0,0,1,4,0,0,0,2,0,1,0,0,1,0,1,0,0,0,0,0,0,2,0,0,0,0,73,0,0,0,0,0,0
0,0,0,0,0,0,1,0,0,574,0,0,2,0,1,0,0,0,0,5,0,0,0,0,0,0,0,0,0,0,0,0,0,3,0,1,0,0,10,0,0,1,0,0,0,1,1,0,0,0
4,0,0,0,0,1,0,2,0,421,0,0,0,0,1,2,1,2,1,0,0,0,0,0,4,1,0,0,2,1,0,0,0,0,3,1,0,0,0,0,0,0,1,142,0,2,7,0,0,1
0,1,0,0,0,0,0,0,1,0,0,0,2,0,1,0,0,0,1,0,1,0,0,0,207,0,2,1,1,0,0,0,0,0,6,0,0,0,0,0,0,9,0,355,0,0,12,0,0,0
0,0,0,0,0,0,0,0,2,0,0,0,0,0,0,0,0,0,0,0,0,0,0,0,480,0,1,2,0,0,0,0,0,0,21,0,0,0,0,0,1,0,0,93,0,0,0,0,0,0
1,2,1,0,24,1,0,3,0,7,2,1,1,2,1,0,25,0,0,1,0,0,1,0,0,0,0,0,0,0,0,1,3,0,11,0,0,0,2,1,0,2,0,502,2,0,3,0,0,0
0,0,0,598,0,0,0,0,0,0,0,0,0,0,0,0,0,0,0,0,0,0,0,0,0,0,0,0,0,0,0,0,0,0,0,0,0,0,0,0,0,0,1,1,0,0,0,0,0,0
0,0,0,558,0,0,0,0,0,0,0,0,0,0,0,0,0,0,0,0,0,0,0,0,0,0,0,0,0,0,0,0,0,0,0,0,0,0,0,0,0,0,0,42,0,0,0,0,0,0
0,0,0,0,0,0,0,0,0,0,0,0,0,0,0,0,0,0,0,0,0,0,0,0,0,0,0,0,0,0,0,0,0,0,0,0,0,0,0,0,0,0,0,600,0,0,0,0,0,0
123,26,0,0,1,0,1,0,0,111,1,0,1,0,2,0,0,0,0,5,0,0,1,0,0,1,1,3,0,0,0,5,1,1,1,1,0,1,2,0,0,1,1,306,2,0,0,1,0,0
22,0,0,0,0,1,0,0,0,2,7,2,1,0,0,1,1,1,0,1,0,0,0,0,4,0,2,0,0,1,0,0,0,0,1,0,0,0,1,1,0,0,0,2,0,1,547,0,0,1
0,0,0,0,0,0,0,0,0,0,0,0,0,0,0,0,0,0,0,0,0,0,0,0,0,0,0,0,0,0,0,0,0,0,6,0,0,0,3,0,0,4,0,587,0,0,0,0,0,0
0,0,0,0,0,0,0,0,0,0,1,8,0,0,0,0,0,1,0,0,0,0,0,0,0,0,0,0,0,0,0,0,0,0,0,0,0,0,0,0,0,0,0,590,0,0,0,0,0,0
0,0,0,469,0,0,0,1,0,0,0,0,0,0,0,0,0,0,0,0,0,0,0,0,0,0,0,0,0,0,0,0,0,0,0,0,0,0,0,0,0,0,0,130,0,0,0,0,0,0
0,405,0,177,0,0,1,0,0,0,0,0,0,0,0,1,0,3,0,0,1,0,0,0,0,0,1,0,0,0,0,0,0,1,0,0,0,0,1,3,1,0,1,1,2,0,1,0,0,0
0,113,1,0,0,0,0,0,0,0,0,0,0,0,0,0,0,0,0,0,0,0,0,0,0,0,0,1,0,0,0,481,0,1,0,0,0,0,1,1,0,0,0,1,0,0,0,0,0,0
7,1,1,0,1,1,0,0,0,2,0,0,1,0,0,0,0,0,0,1,3,0,0,0,6,0,0,1,0,0,0,0,0,0,213,1,0,0,5,0,0,7,2,307,0,0,40,0,0,0
0,0,4,0,0,0,0,0,0,1,0,0,0,0,1,0,0,0,0,0,120,66,1,0,0,0,0,0,0,0,0,25,1,2,0,0,0,0,0,0,0,0,0,378,0,0,1,0,0,0
0,0,0,0,0,0,0,0,1,0,585,0,0,0,0,0,0,0,0,0,0,10,0,0,0,0,0,0,0,0,0,0,0,0,0,0,0,0,1,0,0,0,0,0,3,0,0,0,0,0
0,0,0,0,0,0,0,0,0,0,600,0,0,0,0,0,0,0,0,0,0,0,0,0,0,0,0,0,0,0,0,0,0,0,0,0,0,0,0,0,0,0,0,0,0,0,0,0,0,0
0,0,0,0,0,0,0,0,0,0,600,0,0,0,0,0,0,0,0,0,0,0,0,0,0,0,0,0,0,0,0,0,0,0,0,0,0,0,0,0,0,0,0,0,0,0,0,0,0,0
0,0,0,0,0,0,0,0,0,0,600,0,0,0,0,0,0,0,0,0,0,0,0,0,0,0,0,0,0,0,0,0,0,0,0,0,0,0,0,0,0,0,0,0,0,0,0,0,0,0
0,0,0,0,0,0,0,0,0,0,600,0,0,0,0,0,0,0,0,0,0,0,0,0,0,0,0,0,0,0,0,0,0,0,0,0,0,0,0,0,0,0,0,0,0,0,0,0,0,0
0,0,0,0,0,0,0,0,0,0,600,0,0,0,0,0,0,0,0,0,0,0,0,0,0,0,0,0,0,0,0,0,0,0,0,0,0,0,0,0,0,0,0,0,0,0,0,0,0,0
0,0,0,0,0,0,0,0,1,0,119,0,1,0,0,0,2,16,0,0,0,0,1,1,1,0,0,0,1,0,0,0,0,1,0,0,0,0,0,0,0,0,0,453,3,0,0,0,0,0
0,2,0,23,0,0,0,2,0,7,36,0,0,2,1,1,0,0,0,0,1,0,0,0,0,0,1,2,0,0,0,1,0,3,4,0,0,0,1,0,0,512,0,1,0,0,0,0,0,0
0,32,0,446,3,0,0,0,0,1,3,0,1,0,1,0,1,0,0,0,0,0,2,0,0,0,5,0,1,0,0,0,2,1,7,0,0,0,11,3,1,30,0,48,0,0,0,0,0,1
0,5,0,0,0,0,0,0,0,0,0,0,2,0,0,0,0,0,0,0,0,0,0,0,161,0,0,0,0,0,0,0,0,1,0,0,0,0,2,3,0,0,0,426,0,0,0,0,0,0
0,0,1,1,0,2,0,3,0,2,102,0,1,1,2,3,0,0,1,0,0,0,12,0,0,0,1,1,0,0,0,0,0,2,0,2,0,0,0,0,0,1,0,345,0,0,117,0,0,0
444,1,0,0,0,0,0,0,1,2,58,0,3,0,0,1,0,0,0,0,1,0,0,0,5,1,0,0,0,0,0,1,0,0,3,0,0,0,0,0,0,0,1,75,1,1,1,0,0,0
159,0,0,0,0,0,0,0,0,1,0,0,5,0,0,0,0,0,0,0,0,0,0,0,0,10,0,0,0,0,0,0,0,0,57,0,0,0,0,0,0,6,0,362,0,0,0,0,0,0
0,0,0,0,2,1,1,0,0,0,1,1,1,1,0,0,0,0,0,2,1,0,0,0,2,0,0,0,0,1,0,1,0,0,1,0,0,0,0,0,1,0,0,582,0,1,0,0,0,0
0,0,0,0,1,0,0,0,1,0,0,0,17,0,1,0,0,0,0,0,0,534,0,0,37,0,1,0,1,0,0,0,1,0,0,0,0,0,1,0,1,0,1,3,0,0,0,0,0,0
0,0,0,0,0,0,0,0,1,3,0,0,0,0,0,0,0,0,0,1,224,354,4,0,0,0,0,0,1,0,0,9,0,0,0,0,0,0,1,0,1,0,0,0,0,0,0,1,0,0
299,3,0,0,1,0,0,1,1,0,12,4,3,0,0,0,0,0,2,0,31,0,5,0,219,0,0,1,0,2,0,0,0,0,0,0,0,0,3,0,1,2,2,2,4,1,0,0,0,1
0,0,0,0,0,0,0,0,0,0,0,0,0,0,0,0,0,0,0,0,600,0,0,0,0,0,0,0,0,0,0,0,0,0,0,0,0,0,0,0,0,0,0,0,0,0,0,0,0,0
0,0,0,0,1,0,0,0,0,4,0,0,3,0,0,0,0,0,0,13,579,0,0,0,0,0,0,0,0,0,0,0,0,0,0,0,0,0,0,0,0,0,0,0,0,0,0,0,0,0
0,0,0,0,358,0,0,0,0,0,0,0,0,0,0,0,0,0,0,0,0,0,0,1,0,0,0,0,0,0,0,0,8,0,0,0,0,0,0,0,0,0,0,0,233,0,0,0,0,0
0,17,0,0,1,2,1,0,2,191,0,1,1,0,1,0,0,1,0,2,1,0,0,0,0,2,11,0,0,0,0,0,0,6,53,1,0,0,5,1,0,8,0,168,120,0,2,2,0,0
0,0,0,0,0,0,0,0,0,118,0,0,0,0,0,0,0,0,0,0,0,0,0,0,0,0,0,0,0,0,0,0,0,0,0,0,0,0,242,0,0,0,0,240,0,0,0,0,0,0
0,0,0,0,0,0,0,0,0,0,0,0,0,0,0,0,0,0,0,0,0,0,0,0,0,0,0,0,0,0,0,0,0,0,0,0,0,0,0,0,0,0,0,600,0,0,0,0,0,0
0,0,0,0,0,0,0,0,0,0,0,0,0,0,0,0,0,0,0,0,0,0,0,0,0,578,0,0,5,1,0,0,0,0,0,0,0,0,0,0,0,0,0,16,0,0,0,0,0,0
0,0,0,0,0,0,0,0,0,0,0,0,0,0,0,0,0,0,0,0,0,0,0,0,0,600,0,0,0,0,0,0,0,0,0,0,0,0,0,0,0,0,0,0,0,0,0,0,0,0
0,0,0,3,0,0,0,1,0,0,0,0,0,0,0,0,1,0,0,0,16,0,0,0,0,218,1,0,0,0,0,0,0,0,0,0,0,0,0,0,0,0,0,360,0,0,0,0,0,0
0,0,1,0,0,0,1,0,0,0,0,0,0,0,0,1,0,0,0,0,0,0,0,0,0,0,0,0,0,0,0,0,0,0,1,1,0,0,0,0,0,0,0,523,0,0,72,0,0,0
2,2,0,0,0,1,2,0,0,1,0,0,2,0,0,1,0,1,0,2,3,0,69,0,4,0,4,0,0,1,0,0,0,2,8,0,0,0,0,2,1,2,88,354,1,0,47,0,0,0
0,0,0,0,0,0,0,0,0,0,0,0,0,0,0,0,0,0,0,0,0,0,600,0,0,0,0,0,0,0,0,0,0,0,0,0,0,0,0,0,0,0,0,0,0,0,0,0,0,0
0,0,0,0,0,0,0,0,0,0,0,0,0,0,0,0,0,0,0,0,0,0,600,0,0,0,0,0,0,0,0,0,0,0,0,0,0,0,0,0,0,0,0,0,0,0,0,0,0,0
0,418,0,0,0,0,0,0,0,0,0,0,0,0,0,0,0,1,0,1,0,0,176,0,0,0,0,0,0,0,0,0,0,0,0,0,0,0,3,1,0,0,0,0,0,0,0,0,0,0
0,358,0,0,0,0,0,0,0,0,0,0,0,0,0,0,0,0,0,0,0,0,0,0,0,0,0,0,0,0,0,0,0,0,0,0,0,0,0,0,0,0,0,242,0,0,0,0,0,0
0,0,0,0,4,0,0,0,1,0,1,494,0,0,1,0,0,0,0,1,0,0,0,0,0,0,0,4,0,0,0,0,0,0,0,0,0,0,0,0,0,0,0,94,0,0,0,0,0,0
0,0,0,0,0,0,0,0,0,0,0,600,0,0,0,0,0,0,0,0,0,0,0,0,0,0,0,0,0,0,0,0,0,0,0,0,0,0,0,0,0,0,0,0,0,0,0,0,0,0
0,0,0,0,0,0,0,0,0,0,0,600,0,0,0,0,0,0,0,0,0,0,0,0,0,0,0,0,0,0,0,0,0,0,0,0,0,0,0,0,0,0,0,0,0,0,0,0,0,0
0,0,120,0,0,0,0,0,0,0,0,152,0,0,0,0,0,0,0,0,0,0,0,0,0,0,0,0,0,0,0,0,0,6,0,0,0,0,0,0,0,322,0,0,0,0,0,0,0,0
87,0,494,0,0,0,0,1,0,7,0,0,1,0,0,0,0,0,0,2,0,0,0,0,2,0,0,0,0,0,0,2,0,0,0,0,0,0,3,0,0,0,1,0,0,0,0,0,0,0
246,0,0,0,1,0,0,0,0,0,0,0,61,199,0,0,0,0,0,1,2,1,0,0,1,0,2,0,0,0,0,0,0,3,23,0,0,0,0,0,0,4,1,54,0,0,1,0,0,0
34,0,1,1,1,2,1,1,2,7,4,0,184,0,2,2,1,0,9,1,28,0,0,0,7,1,20,1,0,0,0,6,0,16,12,3,0,0,5,0,0,208,1,23,2,0,13,0,0,1
10,6,2,2,7,5,1,0,1,9,4,25,8,1,8,5,74,1,2,14,68,0,3,0,7,1,5,7,6,3,0,5,2,2,46,0,1,0,8,6,0,4,10,116,4,1,51,2,1,56
0,96,169,1,0,0,1,1,0,0,0,2,191,2,0,0,2,122,0,1,0,0,0,1,0,0,0,2,1,0,0,0,2,0,0,1,0,1,0,0,0,1,0,0,0,0,2,0,0,1
0,0,1,67,0,0,0,1,38,0,1,0,0,0,0,0,88,121,1,0,0,0,26,0,0,0,0,1,124,1,1,0,0,1,0,0,0,0,119,1,0,0,0,1,2,1,0,0,4,0
125,1,1,2,1,1,0,1,1,1,0,1,0,0,0,0,2,224,1,0,204,0,0,0,1,0,0,0,0,0,0,0,1,7,1,0,0,0,6,1,0,0,0,14,0,0,2,1,0,0
218,3,1,0,2,2,2,1,0,2,1,1,5,0,0,0,9,68,1,4,4,0,42,0,0,0,2,0,2,0,0,0,24,4,2,2,0,0,2,2,0,1,3,185,0,0,3,2,0,0
0,0,0,346,0,0,0,3,0,0,0,0,0,5,1,0,23,111,0,0,0,0,58,1,0,0,0,0,3,0,0,1,4,2,0,0,0,0,0,0,0,0,0,0,40,0,0,1,1,0
0,0,0,0,0,1,0,0,0,1,3,0,0,0,3,0,0,1,2,0,307,0,0,0,0,0,0,0,0,0,0,1,0,0,0,119,0,0,43,0,0,0,0,0,119,0,0,0,0,0
0,0,0,75,0,160,0,1,0,0,33,0,0,0,1,0,245,0,0,1,0,0,0,0,0,83,0,0,1,0,0,0,0,0,0,0,0,0,0,0,0,0,0,0,0,0,0,0,0,0
119,0,0,5,0,0,0,0,0,107,0,119,118,0,0,0,3,0,1,0,1,0,0,0,121,0,1,0,0,0,0,0,0,0,0,0,0,0,0,0,0,0,1,3,0,0,1,0,0,0
123,0,0,0,0,0,0,0,0,0,0,0,0,0,0,119,0,0,0,0,0,0,0,0,0,0,0,0,0,0,0,0,0,0,0,0,0,0,0,0,0,0,0,358,0,0,0,0,0,0
94,0,0,119,0,1,0,2,0,0,0,0,0,0,0,0,1,0,0,0,3,0,0,0,0,2,375,0,1,1,0,0,0,0,0,0,0,0,0,0,0,0,1,0,0,0,0,0,0,0
0,0,1,31,0,48,0,5,0,1,0,0,0,0,2,0,252,0,0,0,76,3,3,0,0,0,0,1,0,0,0,0,175,0,0,0,0,0,0,2,0,0,0,0,0,0,0,0,0,0
121,0,0,0,0,0,0,0,0,240,0,0,0,0,0,0,0,0,0,2,1,0,0,0,117,0,0,2,0,0,0,0,0,0,0,0,0,0,0,0,0,0,0,1,0,0,116,0,0,0
119,0,0,0,0,0,0,0,0,0,0,0,0,0,1,0,0,0,0,0,0,0,0,0,0,0,0,117,0,0,0,119,0,0,1,0,0,0,0,0,1,242,0,0,0,0,0,0,0,0
0,0,5,39,39,0,0,1,1,0,0,0,0,139,1,0,0,0,0,0,0,1,0,0,0,119,0,1,2,3,1,1,2,0,0,0,0,6,0,0,118,0,0,0,0,0,120,0,1,0
2,2,76,1,26,0,0,4,1,2,0,9,1,8,3,1,4,41,81,3,0,1,2,2,0,0,27,15,2,82,1,0,39,2,3,1,0,57,0,3,0,18,1,38,3,0,33,1,3,1
2,0,0,0,0,0,0,0,236,1,0,0,1,43,0,1,0,0,32,0,0,1,1,0,2,0,0,25,0,0,1,2,120,0,0,1,0,2,122,2,1,0,0,0,3,1,0,0,0,0
51,3,2,0,0,0,0,0,3,3,0,153,0,2,0,1,0,2,1,0,0,6,1,0,0,124,0,6,74,3,0,2,0,2,1,4,0,0,26,2,0,0,0,121,3,1,3,0,0,0
0,119,0,0,0,0,0,0,1,0,1,0,17,0,2,0,0,69,5,0,0,0,0,2,0,0,1,0,0,2,0,0,0,1,0,0,0,0,1,0,0,18,0,240,121,0,0,0,0,0
0,0,0,0,8,0,0,0,0,0,0,6,105,2,1,0,7,0,0,1,85,0,2,0,11,0,0,0,3,0,0,1,2,2,111,0,0,0,0,2,0,1,0,124,123,1,1,0,0,1
0,0,0,0,70,0,0,0,0,0,0,0,0,0,0,122,0,0,0,0,0,0,1,0,119,0,0,0,0,0,0,0,1,0,0,0,0,0,0,0,0,0,0,0,166,0,121,0,0,0
122,0,0,0,0,1,0,0,0,240,0,0,0,0,0,237,0,0,0,0,0,0,0,0,0,0,0,0,0,0,0,0,0,0,0,0,0,0,0,0,0,0,0,0,0,0,0,0,0,0
0,0,0,0,0,0,0,0,0,0,0,0,0,0,1,117,2,0,3,0,119,0,0,0,1,0,0,0,1,152,0,0,0,0,0,0,0,1,0,0,0,203,0,0,0,0,0,0,0,0
0,1,0,0,184,0,83,0,1,0,3,0,2,1,0,0,1,53,39,0,0,0,2,1,0,20,0,0,7,0,0,0,0,3,0,120,0,0,0,0,0,48,0,30,1,0,0,0,0,0
0,1,1,0,0,0,0,119,0,120,0,0,0,0,1,0,119,0,0,0,0,1,0,0,0,0,1,0,0,1,0,0,195,0,1,0,0,0,37,0,0,2,0,0,0,0,0,0,1,0
0,0,0,119,0,0,0,0,0,0,83,39,1,0,119,0,0,121,0,0,0,0,0,0,0,0,0,0,0,0,0,1,0,0,0,0,0,0,0,0,0,117,0,0,0,0,0,0,0,0
0,0,21,2,0,3,0,0,1,12,1,3,0,1,2,0,2,2,3,0,15,0,1,1,0,0,0,0,0,1,0,0,1,1,0,0,0,0,0,1,0,0,0,526,0,0,0,0,0,0
0,0,0,0,0,0,0,0,0,0,0,0,0,0,0,0,0,0,0,0,0,0,0,0,0,0,0,0,0,0,0,0,0,0,0,0,0,0,0,0,0,0,0,600,0,0,0,0,0,0
0,1,0,2,0,4,0,1,0,1,0,0,1,120,0,0,1,1,0,1,5,1,0,0,0,246,1,0,7,2,0,0,0,0,3,170,0,0,1,1,0,0,0,30,0,0,0,0,0,0
0,0,0,121,0,479,0,0,0,0,0,0,0,0,0,0,0,0,0,0,0,0,0,0,0,0,0,0,0,0,0,0,0,0,0,0,0,0,0,0,0,0,0,0,0,0,0,0,0,0
0,0,0,51,0,299,0,1,0,0,3,0,0,0,0,0,1,0,0,0,0,0,0,0,0,122,0,0,0,0,0,0,0,0,0,118,0,0,0,0,0,0,0,0,4,1,0,0,0,0
0,0,0,0,0,1,0,0,0,0,0,1,0,0,0,0,2,63,0,0,0,0,1,1,0,277,1,0,123,0,0,0,0,1,0,4,0,0,0,2,0,0,0,0,0,0,123,0,0,0
0,0,0,0,0,0,0,0,0,0,0,0,0,0,27,119,4,328,0,0,0,1,1,0,0,0,0,0,0,1,0,0,0,0,0,0,0,0,0,0,0,0,0,0,0,0,119,0,0,0
0,0,0,0,2,3,0,1,0,0,3,0,0,0,299,0,0,1,0,47,0,0,0,0,0,3,0,119,0,0,0,0,0,0,0,0,0,0,0,2,0,119,0,0,1,0,0,0,0,0
0,0,0,0,0,158,0,0,0,0,0,0,0,93,0,87,0,0,0,0,0,0,0,0,0,0,0,0,0,0,0,0,0,0,0,0,0,0,0,0,0,0,0,0,0,0,262,0,0,0
0,0,0,0,0,242,0,0,0,0,0,0,0,239,0,117,0,0,0,0,0,0,0,0,0,2,0,0,0,0,0,0,0,0,0,0,0,0,0,0,0,0,0,0,0,0,0,0,0,0
0,0,0,0,0,362,0,0,0,0,0,0,0,0,198,0,0,0,0,0,0,0,0,0,0,40,0,0,0,0,0,0,0,0,0,0,0,0,0,0,0,0,0,0,0,0,0,0,0,0
0,0,0,0,0,239,0,0,0,0,0,0,0,359,0,1,0,0,0,0,0,0,0,0,0,1,0,0,0,0,0,0,0,0,0,0,0,0,0,0,0,0,0,0,0,0,0,0,0,0
0,0,0,0,0,240,0,0,0,0,0,0,0,0,3,119,0,0,0,0,0,0,0,0,0,0,0,0,0,0,0,0,0,0,0,238,0,0,0,0,0,0,0,0,0,0,0,0,0,0
0,0,0,0,0,480,0,0,0,0,0,0,0,0,117,2,0,1,0,0,0,0,0,0,0,0,0,0,0,0,0,0,0,0,0,0,0,0,0,0,0,0,0,0,0,0,0,0,0,0
0,0,2,117,0,82,0,0,2,117,0,0,0,2,117,39,2,0,0,1,0,0,0,0,0,0,0,111,0,0,0,0,0,1,0,0,0,0,5,0,0,0,1,0,0,0,0,0,1,0
0,0,0,0,0,0,0,0,0,237,0,0,0,0,0,0,0,0,1,0,0,0,0,0,0,0,0,0,0,0,0,0,0,0,0,240,0,0,0,0,0,0,0,3,0,0,119,0,0,0
0,1,2,0,0,117,0,0,0,0,0,0,0,0,1,1,0,0,0,0,0,0,0,0,0,1,0,0,3,351,0,0,0,1,0,0,0,0,2,1,0,0,0,119,0,0,0,0,0,0
0,0,12,0,0,0,0,0,0,0,6,0,3,1,0,122,393,1,0,0,0,0,45,0,0,2,0,0,0,0,0,0,0,12,0,0,0,0,1,2,0,0,0,0,0,0,0,0,0,0
0,0,0,0,0,121,0,0,0,0,0,0,0,0,440,39,0,0,0,0,0,0,0,0,0,0,0,0,0,0,0,0,0,0,0,0,0,0,0,0,0,0,0,0,0,0,0,0,0,0
0,0,0,0,0,120,0,0,0,0,0,0,0,0,117,362,0,0,1,0,0,0,0,0,0,0,0,0,0,0,0,0,0,0,0,0,0,0,0,0,0,0,0,0,0,0,0,0,0,0
0,0,0,81,0,120,0,0,0,0,0,0,0,3,0,152,0,2,0,0,0,0,0,0,0,0,0,0,0,1,0,0,0,1,0,0,0,0,0,3,0,0,0,0,0,0,237,0,0,0
0,0,0,0,0,0,0,1,0,0,0,159,0,0,1,0,0,238,0,0,0,0,1,0,0,4,1,0,0,0,0,0,1,0,1,1,0,0,0,0,0,0,0,0,0,0,0,0,192,0
0,0,0,0,32,0,0,0,0,0,0,118,0,0,0,0,4,0,0,0,0,1,0,0,0,3,0,0,0,0,0,0,2,0,0,0,0,0,0,282,0,0,0,119,0,0,0,0,39,0
0,0,0,0,0,240,0,0,0,0,0,0,0,0,1,44,1,71,0,119,0,0,3,0,0,119,0,0,0,0,0,0,0,1,0,0,0,0,0,1,0,0,0,0,0,0,0,0,0,0
0,80,0,0,0,0,0,0,0,0,0,0,0,0,0,0,0,0,1,1,0,0,0,0,0,39,0,1,0,1,0,0,0,0,6,198,0,0,0,0,0,5,0,268,0,0,0,0,0,0
1,0,0,0,0,0,0,0,0,0,0,0,0,0,0,0,0,0,0,0,0,0,0,0,0,0,0,0,0,0,0,0,0,0,0,0,0,0,0,0,0,0,0,599,0,0,0,0,0,0
0,0,0,0,0,0,0,0,0,0,0,0,0,0,0,0,0,0,0,0,0,0,0,0,0,0,0,0,0,0,0,0,0,0,0,0,0,0,0,0,0,0,0,600,0,0,0,0,0,0
0,0,0,0,0,0,0,0,0,0,0,0,0,0,0,0,0,0,0,0,1,0,0,0,0,0,0,0,0,0,0,0,0,0,0,0,0,0,0,0,0,0,0,599,0,0,0,0,0,0
0,0,0,0,0,0,0,0,0,0,0,0,0,0,0,0,0,0,0,0,0,0,0,0,0,0,0,0,0,0,0,0,0,0,0,0,0,0,0,0,0,0,0,599,0,0,1,0,0,0
0,0,0,0,0,0,0,0,0,0,0,0,0,0,0,0,0,0,0,0,0,0,0,0,0,0,0,0,0,0,0,0,0,0,0,0,0,0,0,0,0,0,0,600,0,0,0,0,0,0
1,0,0,0,0,0,0,0,0,1,0,0,0,0,0,0,0,0,0,0,0,0,0,0,0,0,0,0,0,0,0,0,0,0,0,0,0,0,0,0,0,0,0,598,0,0,0,0,0,0
0,0,0,0,0,0,0,0,0,0,0,0,0,0,0,0,0,0,0,0,1,0,0,0,0,0,0,0,0,0,0,0,0,0,0,0,0,0,0,0,0,0,0,598,0,0,1,0,0,0
1,0,0,0,0,0,0,0,0,0,0,0,0,0,0,0,0,0,0,0,0,0,0,0,0,0,0,0,0,0,0,0,0,0,0,0,0,0,0,0,0,0,0,599,0,0,0,0,0,0
0,0,0,0,0,0,0,0,0,1,0,0,0,0,0,0,0,0,0,0,1,0,0,0,1,0,0,0,0,0,0,0,0,0,0,0,0,0,0,0,0,0,0,596,0,0,1,0,0,0
4,2,0,0,0,0,0,0,1,0,0,2,2,0,0,0,0,0,0,1,0,1,0,0,1,0,1,0,0,1,0,1,0,0,1,0,0,0,0,0,0,0,0,581,0,1,0,0,0,0
0,1,51,0,299,0,0,0,0,0,1,0,1,0,0,0,123,2,0,0,0,0,0,0,0,0,0,0,0,0,0,0,4,0,0,0,0,0,0,0,0,0,0,117,1,0,0,0,0,0
0,0,0,0,0,0,0,0,0,0,0,0,0,0,0,0,0,0,0,0,0,0,31,0,0,0,0,0,0,0,0,0,561,2,0,0,0,0,0,6,0,0,0,0,0,0,0,0,0,0
0,0,0,0,0,0,0,0,0,0,0,0,0,0,2,0,0,0,1,0,2,0,0,0,0,176,0,0,3,0,0,0,0,0,6,122,0,0,0,162,0,4,0,3,0,0,119,0,0,0
0,1,2,0,0,0,0,0,0,0,0,0,0,126,1,0,0,0,0,1,19,0,0,0,0,2,0,0,0,0,0,0,0,0,354,0,0,0,0,0,0,1,0,87,0,1,5,0,0,0
0,0,0,0,0,119,0,0,0,0,3,0,0,0,0,0,0,1,3,0,0,0,0,0,114,0,1,0,0,0,0,0,0,0,0,358,0,0,1,0,0,0,0,0,0,0,0,0,0,0
0,0,2,0,0,2,0,1,0,0,0,3,0,0,0,42,0,5,242,0,0,0,0,0,0,0,0,0,184,1,0,0,0,0,113,0,0,0,0,3,0,1,0,1,0,0,0,0,0,0
0,0,0,0,0,0,0,240,0,0,0,0,0,0,0,0,0,0,237,0,0,0,0,0,0,0,0,0,1,0,0,0,122,0,0,0,0,0,0,0,0,0,0,0,0,0,0,0,0,0
3,0,1,4,0,0,0,66,0,0,1,2,0,0,0,2,0,0,0,2,232,0,0,0,0,3,1,0,0,0,0,0,211,0,10,20,0,0,0,0,0,7,0,26,0,0,9,0,0,0
0,0,240,120,0,0,0,0,0,0,0,0,0,0,3,0,0,0,0,0,0,1,2,1,0,41,0,0,1,0,0,0,0,0,0,0,0,189,0,1,0,0,0,0,0,0,0,0,0,1
0,0,0,0,0,0,0,0,0,0,0,0,0,197,117,0,0,0,0,0,0,0,0,0,0,5,0,0,0,0,0,0,0,0,0,130,0,0,0,0,0,0,0,0,0,0,151,0,0,0
0,0,0,53,1,0,0,121,2,0,1,2,49,1,0,0,0,0,1,0,0,8,2,0,33,237,0,0,0,1,0,1,81,0,0,0,0,0,0,0,1,0,1,0,3,0,0,0,1,0
0,0,0,0,0,0,0,0,120,0,0,480,0,0,0,0,0,0,0,0,0,0,0,0,0,0,0,0,0,0,0,0,0,0,0,0,0,0,0,0,0,0,0,0,0,0,0,0,0,0
0,0,0,0,0,77,1,1,118,0,0,0,0,0,2,0,0,0,0,0,0,0,0,0,0,35,0,0,2,363,0,0,0,0,0,0,0,0,0,0,0,0,1,0,0,0,0,0,0,0
0,0,0,0,0,208,0,0,0,0,143,0,1,0,0,0,0,3,0,0,0,0,4,0,0,0,0,0,1,238,0,0,0,0,2,0,0,0,0,0,0,0,0,0,0,0,0,0,0,0
0,0,0,0,0,0,0,0,0,0,0,0,0,0,0,0,0,0,0,0,0,0,0,0,0,483,0,0,0,0,0,0,0,0,117,0,0,0,0,0,0,0,0,0,0,0,0,0,0,0
0,0,0,0,0,161,0,0,0,0,0,0,0,0,0,1,2,184,0,0,0,0,2,0,0,121,0,0,0,0,0,0,0,2,0,125,0,0,0,1,0,1,0,0,0,0,0,0,0,0
0,0,0,0,0,3,0,0,0,0,0,0,0,0,0,0,0,0,0,0,0,0,0,0,0,0,0,0,0,0,0,0,0,0,0,597,0,0,0,0,0,0,0,0,0,0,0,0,0,0
0,0,0,0,0,209,0,0,0,0,0,0,0,0,0,120,0,262,0,0,0,0,0,0,0,1,0,0,1,1,0,0,0,1,0,0,0,0,0,4,0,1,0,0,0,0,0,0,0,0
123,0,0,0,0,285,0,0,0,0,0,0,0,0,0,119,0,0,0,0,0,0,0,0,0,0,0,0,0,0,0,0,0,0,10,0,0,0,0,0,0,6,0,57,0,0,0,0,0,0
237,0,0,0,0,363,0,0,0,0,0,0,0,0,0,0,0,0,0,0,0,0,0,0,0,0,0,0,0,0,0,0,0,0,0,0,0,0,0,0,0,0,0,0,0,0,0,0,0,0
0,0,0,0,0,75,0,0,0,0,2,517,0,0,0,0,0,3,0,0,0,0,0,0,0,0,0,0,0,0,0,0,0,2,0,0,0,0,0,0,0,0,0,0,0,0,0,1,0,0
1,1,0,1,1,2,0,0,0,1,0,22,0,1,0,1,0,0,0,0,0,0,0,0,0,1,0,1,0,1,0,0,0,0,439,2,0,0,0,0,0,0,1,0,0,0,124,0,0,0
0,0,0,0,0,0,0,0,0,0,0,0,0,0,0,363,0,0,0,0,0,0,0,0,0,0,0,0,0,0,0,0,0,0,0,0,0,0,0,0,0,0,0,0,0,0,237,0,0,0
0,2,0,0,0,1,0,0,0,0,0,0,9,1,1,54,0,0,0,0,0,0,0,0,4,1,1,0,0,1,0,0,0,0,250,4,0,0,0,0,0,3,1,264,0,0,3,0,0,0
0,0,0,0,0,0,0,0,0,0,0,0,0,0,2,0,0,38,0,0,0,0,0,0,0,0,1,0,0,1,0,0,0,4,553,0,0,0,0,1,0,0,0,0,0,0,0,0,0,0
0,0,0,2,0,0,2,0,0,0,0,0,0,0,0,0,235,118,0,0,0,0,0,0,0,0,1,122,0,0,0,0,0,0,0,0,0,0,0,0,0,0,0,0,0,120,0,0,0,0
0,0,1,0,1,0,581,0,0,0,0,0,0,0,0,0,10,0,0,0,0,0,1,0,0,0,0,0,0,0,0,1,0,0,0,0,0,0,3,0,0,0,0,0,1,0,0,0,1,0
1,0,0,0,0,0,0,0,0,0,0,0,1,1,2,0,329,0,0,0,50,1,0,1,0,0,0,203,0,0,0,5,0,3,0,0,0,1,0,1,0,0,0,0,0,1,0,0,0,0
0,0,0,0,0,0,0,0,0,0,0,0,0,0,0,0,0,0,0,0,0,0,0,0,0,0,0,600,0,0,0,0,0,0,0,0,0,0,0,0,0,0,0,0,0,0,0,0,0,0
0,0,0,0,0,0,0,0,0,0,0,0,0,0,241,0,0,0,0,0,0,0,0,0,0,0,0,359,0,0,0,0,0,0,0,0,0,0,0,0,0,0,0,0,0,0,0,0,0,0
0,0,0,0,0,0,0,0,0,0,0,0,0,0,600,0,0,0,0,0,0,0,0,0,0,0,0,0,0,0,0,0,0,0,0,0,0,0,0,0,0,0,0,0,0,0,0,0,0,0
342,0,0,0,0,0,0,0,0,0,0,0,0,0,241,0,0,0,3,1,1,0,0,0,0,0,0,0,0,0,0,0,0,0,8,2,0,0,0,0,0,1,0,0,0,0,1,0,0,0
481,1,0,0,0,0,0,0,0,0,0,0,1,0,1,0,0,0,0,0,0,0,0,0,0,0,0,0,0,0,0,0,0,0,0,0,0,0,0,2,0,114,0,0,0,0,0,0,0,0
2,1,0,1,1,0,0,240,0,0,101,3,0,0,0,0,0,0,0,1,0,0,0,0,1,0,0,1,0,0,0,0,0,0,13,0,0,0,0,1,0,135,0,98,0,0,1,0,0,0
0,0,1,1,0,0,0,155,0,0,0,0,0,0,5,0,0,0,36,0,0,1,395,0,0,0,0,1,0,0,0,1,0,0,0,0,0,1,1,0,0,0,0,0,1,0,0,0,0,1
0,0,0,0,0,0,0,0,0,0,0,0,1,6,1,0,0,393,0,0,0,0,0,0,0,0,0,60,3,0,0,0,0,0,0,0,0,0,1,2,0,133,0,0,0,0,0,0,0,0
0,0,0,0,0,0,0,0,0,0,0,0,0,0,0,0,0,600,0,0,0,0,0,0,0,0,0,0,0,0,0,0,0,0,0,0,0,0,0,0,0,0,0,0,0,0,0,0,0,0
0,0,0,1,0,0,0,0,0,0,5,0,0,1,0,0,0,165,1,0,4,0,0,0,410,0,0,0,0,0,0,0,0,0,4,0,0,0,0,1,0,2,2,1,0,0,3,0,0,0
0,1,0,0,0,0,0,0,0,0,0,0,0,0,0,0,0,0,0,0,364,0,0,0,0,0,0,0,0,0,0,0,0,0,7,0,0,0,0,0,0,0,0,228,0,0,0,0,0,0
0,0,0,0,0,0,0,0,0,0,0,0,0,0,0,127,0,0,0,0,0,0,0,0,0,0,0,0,0,0,0,0,0,0,0,0,0,0,0,0,0,0,0,473,0,0,0,0,0,0
0,0,0,0,0,0,0,0,0,0,0,0,0,0,0,600,0,0,0,0,0,0,0,0,0,0,0,0,0,0,0,0,0,0,0,0,0,0,0,0,0,0,0,0,0,0,0,0,0,0
0,0,0,1,0,1,0,0,0,0,403,0,0,0,0,186,2,0,0,0,0,0,0,1,0,0,0,0,3,2,0,0,0,0,0,1,0,0,0,0,0,0,0,0,0,0,0,0,0,0
0,1,0,0,0,0,0,0,0,0,0,0,0,0,0,507,0,0,0,0,1,0,0,0,0,0,1,0,0,3,0,0,0,1,13,1,0,0,1,1,0,17,0,53,0,0,0,0,0,0
0,0,0,0,1,0,1,0,0,53,0,0,0,2,0,0,0,0,0,0,1,0,1,0,0,0,0,1,0,2,1,0,2,0,0,0,0,0,0,0,0,0,0,473,61,0,0,1,0,0
0,0,0,1,0,1,0,0,0,0,543,0,0,46,0,0,0,0,0,0,0,0,3,1,0,0,0,0,1,2,0,0,0,2,0,0,0,0,0,0,0,0,0,0,0,0,0,0,0,0
0,0,0,0,0,0,0,0,0,0,0,0,0,0,0,0,0,596,0,0,0,0,1,0,0,0,0,0,1,0,0,0,0,0,0,0,0,0,0,2,0,0,0,0,0,0,0,0,0,0
0,0,0,0,0,0,0,0,0,0,0,0,0,1,0,0,0,593,1,0,0,0,2,0,0,0,0,0,1,1,0,0,0,1,0,0,0,0,0,0,0,0,0,0,0,0,0,0,0,0
0,0,0,0,0,1,0,0,0,0,0,482,0,0,0,0,0,109,0,0,0,0,0,0,0,4,0,0,2,1,0,0,0,0,0,0,0,0,0,0,0,1,0,0,0,0,0,0,0,0
0,0,0,0,0,1,0,0,0,0,0,599,0,0,0,0,0,0,0,0,0,0,0,0,0,0,0,0,0,0,0,0,0,0,0,0,0,0,0,0,0,0,0,0,0,0,0,0,0,0
0,0,0,358,2,118,0,0,0,0,0,117,0,0,0,0,0,0,0,0,0,0,0,0,0,4,0,0,0,0,0,0,0,0,0,1,0,0,0,0,0,0,0,0,0,0,0,0,0,0
0,0,0,0,331,0,0,0,0,0,0,0,17,0,1,0,0,0,0,0,0,0,2,0,105,0,0,1,1,0,0,9,0,2,0,0,0,0,120,1,2,1,0,0,2,0,0,0,3,2
61,10,5,18,3,7,5,8,1,13,8,8,12,11,60,5,4,4,9,12,13,66,3,0,21,21,8,10,12,5,0,3,7,5,15,5,0,4,12,14,0,20,12,24,40,1,12,0,1,2
439,0,0,0,0,0,0,0,0,0,0,0,0,0,0,1,0,0,0,0,0,0,0,0,0,30,1,0,0,0,0,0,0,0,0,1,0,0,0,0,0,1,2,0,0,0,125,0,0,0
1,113,2,0,0,1,0,0,1,0,124,0,2,2,0,1,0,0,3,1,2,0,0,0,0,0,1,1,1,0,0,4,0,0,0,0,0,0,19,0,0,112,0,0,0,0,209,0,0,0
0,0,0,0,0,0,0,0,0,0,451,0,0,0,0,0,0,0,0,0,0,0,6,0,0,0,0,0,0,0,0,0,0,0,0,0,0,0,0,142,0,0,0,0,1,0,0,0,0,0
0,0,0,0,0,0,0,0,0,0,0,0,0,0,0,0,0,0,0,0,0,0,0,0,0,0,0,0,0,0,0,0,0,0,0,0,0,0,0,599,0,0,0,0,0,0,0,0,1,0
0,0,0,0,0,0,0,0,0,0,0,0,0,0,0,0,0,0,0,0,0,0,0,0,0,0,0,0,0,0,0,0,0,0,0,0,0,0,0,0,0,0,0,0,0,0,0,0,120,480
0,0,0,0,0,0,0,0,0,0,0,0,0,0,0,0,0,0,0,0,0,0,0,0,0,0,0,0,0,0,0,0,0,0,0,0,0,0,0,0,0,0,0,0,0,0,0,0,0,600
0,0,0,0,0,0,0,0,0,0,0,0,0,0,0,0,0,0,0,0,0,0,0,0,0,0,0,0,0,0,0,0,0,0,0,0,0,0,0,0,0,0,0,0,0,0,0,0,0,600
0,0,0,0,0,0,0,0,0,0,0,0,0,0,0,0,0,0,0,0,0,0,0,0,0,0,0,0,0,0,0,0,0,0,0,0,0,0,0,0,0,0,0,0,0,0,0,0,0,600
0,0,1,10,0,0,0,0,0,0,0,0,0,2,0,0,3,0,0,0,0,2,11,1,0,2,2,1,0,0,318,0,2,3,0,0,0,0,2,0,0,0,0,0,0,0,0,0,1,239
15,3,51,1,37,30,1,2,1,5,4,6,57,2,1,1,71,3,0,3,3,1,5,0,5,0,5,2,2,4,0,4,4,9,134,27,0,2,11,2,2,7,3,60,5,2,3,1,0,3
0,0,0,0,0,0,0,0,0,0,0,0,0,0,299,0,0,0,0,0,0,0,0,0,0,0,0,0,0,0,0,0,0,0,301,0,0,0,0,0,0,0,0,0,0,0,0,0,0,0
0,6,0,2,0,0,0,1,0,3,2,0,23,1,114,1,0,0,0,0,2,0,0,0,0,0,125,0,0,0,0,0,0,0,317,0,0,0,0,1,0,0,1,0,0,1,0,0,0,0
0,0,0,0,0,0,0,0,0,0,0,0,362,2,0,0,4,0,0,0,0,0,0,0,2,0,135,0,1,0,0,0,92,0,0,0,0,0,0,0,0,0,0,0,2,0,0,0,0,0
0,0,0,31,235,0,1,0,0,0,1,5,197,0,0,0,0,1,0,0,0,0,0,0,1,0,1,0,0,0,0,0,3,0,0,0,0,0,0,0,0,0,0,0,124,0,0,0,0,0
0,0,0,0,0,0,0,377,0,0,0,0,0,0,0,0,0,0,0,0,0,0,0,0,0,105,0,0,0,0,0,0,0,0,0,0,0,0,0,0,0,0,0,0,51,0,67,0,0,0
0,0,0,0,0,0,0,359,0,0,0,0,0,0,0,0,0,0,0,0,0,0,113,128,0,0,0,0,0,0,0,0,0,0,0,0,0,0,0,0,0,0,0,0,0,0,0,0,0,0
0,0,0,0,0,0,0,0,1,0,0,0,5,0,0,0,0,1,0,0,0,0,3,411,0,0,0,21,0,0,1,100,0,0,0,0,0,7,2,3,0,0,0,0,3,1,0,0,41,0
0,0,1,0,0,0,0,0,2,2,0,0,1,0,0,0,2,0,1,0,0,1,8,0,0,64,35,2,1,0,0,129,0,2,0,0,0,46,214,2,1,1,0,0,1,2,0,81,0,1
19,3,0,0,1,0,0,3,1,0,2,2,1,1,1,0,1,4,0,15,0,0,0,0,1,2,0,0,0,2,0,357,0,0,0,178,0,0,3,0,0,1,0,0,2,0,0,0,0,0
0,473,0,0,0,0,0,0,0,0,0,0,0,0,0,0,0,0,127,0,0,0,0,0,0,0,0,0,0,0,0,0,0,0,0,0,0,0,0,0,0,0,0,0,0,0,0,0,0,0
0,0,0,0,0,0,0,0,0,0,0,0,0,0,0,0,0,0,600,0,0,0,0,0,0,0,0,0,0,0,0,0,0,0,0,0,0,0,0,0,0,0,0,0,0,0,0,0,0,0
0,0,0,0,0,0,0,0,0,0,0,0,0,0,0,0,0,0,473,0,0,0,0,0,0,0,0,0,0,0,0,0,0,0,0,0,0,0,0,0,0,0,0,127,0,0,0,0,0,0
0,0,0,0,0,0,0,0,0,0,0,0,0,0,0,0,0,0,0,0,0,0,0,0,0,0,0,0,0,0,0,0,0,0,0,0,0,0,0,0,0,0,0,600,0,0,0,0,0,0
0,0,0,0,0,0,0,0,0,0,0,0,0,0,0,0,0,0,0,0,0,0,0,0,0,0,0,0,0,0,0,0,0,0,0,0,0,0,0,0,0,0,0,600,0,0,0,0,0,0
0,0,0,0,0,0,0,0,0,0,0,0,0,0,0,0,0,0,0,0,0,0,0,0,0,0,0,0,0,0,0,0,0,0,0,0,0,0,0,0,0,0,0,600,0,0,0,0,0,0
0,0,0,0,0,0,0,0,0,0,0,0,0,0,0,0,0,0,0,0,0,0,0,0,0,0,0,0,0,0,0,0,0,0,0,0,0,0,0,0,0,0,0,600,0,0,0,0,0,0
0,0,0,0,0,0,0,0,0,0,0,0,0,0,0,0,0,0,0,0,1,0,0,0,0,0,0,0,0,0,0,0,0,0,1,0,0,0,0,0,0,0,0,597,0,0,1,0,0,0
0,0,0,0,0,0,0,0,0,0,0,0,0,0,0,0,0,0,124,0,0,0,0,0,0,0,0,3,0,0,0,0,0,0,0,0,0,0,0,0,0,0,0,473,0,0,0,0,0,0
0,0,0,0,0,0,0,0,0,0,0,0,0,0,0,0,0,0,600,0,0,0,0,0,0,0,0,0,0,0,0,0,0,0,0,0,0,0,0,0,0,0,0,0,0,0,0,0,0,0
0,0,0,0,0,0,0,0,0,0,0,0,0,0,0,0,0,0,600,0,0,0,0,0,0,0,0,0,0,0,0,0,0,0,0,0,0,0,0,0,0,0,0,0,0,0,0,0,0,0
0,0,0,0,0,0,0,0,0,0,0,0,0,0,0,0,0,0,600,0,0,0,0,0,0,0,0,0,0,0,0,0,0,0,0,0,0,0,0,0,0,0,0,0,0,0,0,0,0,0
0,0,0,0,0,0,0,0,0,0,0,0,0,0,0,0,0,0,600,0,0,0,0,0,0,0,0,0,0,0,0,0,0,0,0,0,0,0,0,0,0,0,0,0,0,0,0,0,0,0
0,0,0,0,0,0,0,0,0,0,0,0,0,0,0,0,0,0,600,0,0,0,0,0,0,0,0,0,0,0,0,0,0,0,0,0,0,0,0,0,0,0,0,0,0,0,0,0,0,0
0,0,0,0,0,0,0,0,0,0,0,0,0,0,0,0,0,0,600,0,0,0,0,0,0,0,0,0,0,0,0,0,0,0,0,0,0,0,0,0,0,0,0,0,0,0,0,0,0,0
0,0,0,0,0,0,0,0,0,0,0,0,0,0,0,0,0,0,600,0,0,0,0,0,0,0,0,0,0,0,0,0,0,0,0,0,0,0,0,0,0,0,0,0,0,0,0,0,0,0
0,0,0,0,0,0,0,0,0,0,0,0,0,0,0,0,0,0,600,0,0,0,0,0,0,0,0,0,0,0,0,0,0,0,0,0,0,0,0,0,0,0,0,0,0,0,0,0,0,0
0,0,0,0,0,0,0,0,0,0,0,0,0,0,0,0,0,0,600,0,0,0,0,0,0,0,0,0,0,0,0,0,0,0,0,0,0,0,0,0,0,0,0,0,0,0,0,0,0,0
0,0,0,0,0,0,0,0,0,0,0,0,0,0,0,0,0,0,600,0,0,0,0,0,0,0,0,0,0,0,0,0,0,0,0,0,0,0,0,0,0,0,0,0,0,0,0,0,0,0
0,0,0,0,0,0,0,0,0,0,0,0,0,0,0,0,0,0,600,0,0,0,0,0,0,0,0,0,0,0,0,0,0,0,0,0,0,0,0,0,0,0,0,0,0,0,0,0,0,0
0,0,0,0,0,0,0,0,0,0,0,0,0,0,0,0,0,0,473,0,0,0,0,0,0,0,0,0,0,0,0,0,0,0,0,0,0,0,0,0,0,0,0,127,0,0,0,0,0,0
0,1,0,0,0,1,1,2,0,1,0,0,42,3,0,0,0,0,0,0,0,0,0,1,0,152,0,1,1,0,0,0,0,0,0,0,0,0,0,0,0,0,1,392,0,0,0,0,1,0
17,2,0,20,9,2,2,1,2,6,39,11,16,0,0,2,1,8,2,2,8,0,1,0,53,187,5,0,1,4,0,0,0,5,24,26,0,0,4,2,0,9,2,109,3,2,13,0,0,0
484,3,0,0,0,0,0,1,0,0,0,0,0,0,0,0,0,0,0,0,0,0,0,0,6,0,0,1,0,0,0,0,0,0,0,105,0,0,0,0,0,0,0,0,0,0,0,0,0,0
263,0,0,0,0,0,0,0,0,0,0,0,0,4,1,0,1,0,0,0,0,0,0,0,0,82,0,1,112,2,0,0,0,3,0,1,0,0,0,1,0,1,0,127,0,0,0,1,0,0
0,121,0,0,0,0,0,0,0,0,0,0,0,0,0,0,0,0,0,0,0,0,0,0,0,0,0,0,0,0,0,0,0,0,0,0,0,0,0,0,0,0,0,479,0,0,0,0,0,0
0,265,0,0,0,0,0,0,0,2,0,0,1,0,2,0,117,0,1,0,0,0,0,0,49,1,0,0,1,2,0,0,0,0,0,0,0,103,1,0,0,20,0,1,33,0,0,0,1,0
0,0,0,0,552,0,1,0,0,1,1,1,0,0,1,0,29,0,0,0,0,0,1,1,0,0,0,0,1,0,0,0,10,1,0,0,0,0,0,0,0,0,0,0,0,0,0,0,0,0
0,0,0,0,474,0,0,0,0,0,1,4,0,0,0,0,8,0,0,0,0,0,0,0,0,0,0,0,0,0,0,0,0,0,2,0,0,0,0,0,0,0,0,111,0,0,0,0,0,0
5,31,0,0,0,0,0,0,3,0,0,22,0,158,116,0,0,4,0,0,0,0,0,0,7,0,0,0,0,0,0,4,0,0,237,0,0,0,1,8,0,0,0,2,0,0,0,0,1,1
0,52,3,0,0,73,2,7,0,0,25,0,0,230,1,137,10,0,0,1,0,1,7,0,0,0,11,1,1,0,0,1,1,2,0,0,0,1,25,4,0,0,0,0,0,1,0,0,3,0
