ACCELERATION X,ACCELERATION Y,ACCELERATION Z,LINEAR_ACCELERATION X,LINEAR_ACCELERATION Y,LINEAR_ACCELERATION Z,GRAVITY X,GRAVITY Y,GRAVITY Z,GYROSCOPE X,GYROSCOPE Y,GYROSCOPE Z,Year,Month,Day,Hour,Minute,Second,Millisecond,Date
-1.627459,7.934534,6.434716,-1.657685,7.802105,-3.370886,0.030227,0.132429,9.805603,-0.633514,0.225094,0.978291,2014,10,13,15,31,21,407,2014-10-13 15:31:21:407,
-0.329801,6.399851,7.437887,0.856975,-0.745046,0.826449,-1.186776,7.144897,6.611438,0.935499,-0.164760,-0.161534,2014,10,13,15,31,21,921,2014-10-13 15:31:21:921,
0.702100,6.294506,7.617452,0.465523,0.489614,-0.282815,0.236577,5.804892,7.900267,0.208982,-0.064623,0.143132,2014,10,13,15,31,22,427,2014-10-13 15:31:22:427,
1.111508,6.821230,6.896797,0.657358,0.747739,-0.789189,0.454150,6.073491,7.685986,0.319725,0.370017,0.158049,2014,10,13,15,31,22,932,2014-10-13 15:31:22:932,
-0.547674,10.151565,2.965518,-0.828244,2.891747,-3.621080,0.280571,7.259818,6.586598,-1.949314,-0.019863,0.317840,2014,10,13,15,31,23,435,2014-10-13 15:31:23:435,
6.608595,2.796577,-3.077447,7.038504,-6.382343,-6.502502,-0.429909,9.178921,3.425055,-6.389311,-6.629836,3.118419,2014,10,13,15,31,23,938,2014-10-13 15:31:23:938,
7.513604,11.595268,1.852214,2.877382,2.986318,1.103278,4.636222,8.608951,0.748936,3.048874,-0.941308,-4.481174,2014,10,13,15,31,24,445,2014-10-13 15:31:24:445,
-3.643376,18.337341,19.693806,-5.190928,9.102007,22.606201,1.547552,9.235333,-2.912397,-1.988768,4.740813,-1.316273,2014,10,13,15,31,25,16,2014-10-13 15:31:25:16,
-1.206079,7.920169,19.693806,2.025944,-0.745644,16.433800,-3.232023,8.665813,3.260005,-2.144354,1.420400,-0.496016,2014,10,13,15,31,25,519,2014-10-13 15:31:25:519,
-1.440711,3.052757,11.163264,-0.659303,-3.138050,3.598036,-0.781408,6.190807,7.565228,1.038579,-1.221435,0.205998,2014,10,13,15,31,26,22,2014-10-13 15:31:26:22,
3.132214,8.504354,4.842572,4.671536,5.557840,-4.383335,-1.539322,2.946514,9.225906,5.791853,-3.016423,-1.576193,2014,10,13,15,31,26,525,2014-10-13 15:31:26:525,
3.903147,17.511341,15.805622,1.787720,8.825477,11.774684,2.115427,8.685864,4.030938,0.005260,-0.766564,0.797221,2014,10,13,15,31,27,29,2014-10-13 15:31:27:29,
-10.897807,-8.755446,-17.562366,-11.694927,-18.426825,-18.975395,0.797120,9.671378,1.413028,-3.179746,1.964738,-1.543173,2014,10,13,15,31,27,690,2014-10-13 15:31:27:690,
-3.736750,5.078251,8.759486,-1.548001,-2.310554,14.824597,-2.188749,7.388806,-6.065112,9.692935,-0.123187,0.599071,2014,10,13,15,31,28,309,2014-10-13 15:31:28:309,
-13.847464,18.880825,19.693806,-10.085724,10.796653,15.611691,-3.761740,8.084171,4.082114,-9.078025,3.843841,-2.385803,2014,10,13,15,31,28,881,2014-10-13 15:31:28:881,
-6.657676,5.063886,6.875249,-0.518794,-10.914417,-18.302774,-4.702362,6.602610,5.519234,8.194211,1.719693,3.981279,2014,10,13,15,31,29,421,2014-10-13 15:31:29:421,
-19.605518,-1.663821,8.263886,-12.742690,-8.369531,6.237644,-6.862830,6.705710,2.026243,-11.343843,7.362409,-6.790672,2014,10,13,15,31,30,4,2014-10-13 15:31:30:04,
-2.058415,-2.030133,-2.979285,6.329820,-6.755839,-4.843770,-8.388235,4.725705,1.864485,-10.415997,-1.587943,-9.154493,2014,10,13,15,31,30,630,2014-10-13 15:31:30:630,
-1.907580,-0.265607,-17.016489,5.435885,-6.487988,-15.138537,-7.343465,6.222381,-1.877952,4.538107,-4.222321,2.198034,2014,10,13,15,31,31,230,2014-10-13 15:31:31:230,
-2.565986,-0.042946,-0.149338,1.755100,-8.353519,2.754828,-4.321085,8.310574,-2.904167,12.657553,-0.293626,4.714189,2014,10,13,15,31,31,736,2014-10-13 15:31:31:736,
-12.937668,-1.498621,18.748096,-6.438008,-8.838794,18.532019,-6.499659,7.340174,0.216077,2.812309,3.636153,3.241998,2014,10,13,15,31,32,239,2014-10-13 15:31:32:239,
-5.326500,-8.939799,2.122759,2.688838,-13.181577,-1.609801,-8.015338,4.241777,3.732560,-11.212963,-3.136798,-10.295382,2014,10,13,15,31,32,742,2014-10-13 15:31:32:742,
0.271143,-6.430676,-15.532084,8.877101,-10.470742,-13.126510,-8.605958,4.040066,-2.405574,11.561192,-1.420621,7.580829,2014,10,13,15,31,33,246,2014-10-13 15:31:33:246,
-19.605518,-4.551228,19.693806,-15.060427,-10.013898,26.451889,-4.545093,5.462670,-6.758083,-8.932366,5.649539,-2.486985,2014,10,13,15,31,33,749,2014-10-13 15:31:33:749,
-7.172430,-9.856779,-16.056414,2.132785,-11.731738,-18.519897,-9.305215,1.874959,2.463484,3.228705,-3.194289,5.958430,2014,10,13,15,31,34,293,2014-10-13 15:31:34:293,
-5.889138,6.517167,9.121011,-0.093524,1.100136,14.886249,-5.795614,5.417031,-5.765238,8.334517,1.319236,4.460668,2014,10,13,15,31,34,796,2014-10-13 15:31:34:796,
-2.903568,-1.517774,-9.264064,5.186290,-6.468834,-11.756129,-5.795614,5.417031,-5.765238,-8.760717,-1.488835,-0.098672,2014,10,13,15,31,35,299,2014-10-13 15:31:35:299,
-1.488595,0.124648,-1.063923,3.335871,-5.257517,5.563975,-4.824466,5.382165,-6.627899,12.728862,-0.366047,2.692321,2014,10,13,15,31,35,804,2014-10-13 15:31:35:804,
-6.899491,0.218022,11.108198,0.270246,-6.413767,11.994053,-7.169736,6.631789,-0.885855,-10.957306,-2.344239,-1.667805,2014,10,13,15,31,36,348,2014-10-13 15:31:36:348,
-1.218050,1.053598,-2.526781,5.121048,-5.022287,-6.893655,-6.339098,6.075885,4.366874,9.024924,1.330923,-1.842509,2014,10,13,15,31,36,880,2014-10-13 15:31:36:880,
-5.898715,-6.028450,-14.356531,3.072958,-8.055142,-17.758543,-8.971672,2.026692,3.402011,-4.324912,0.146334,-1.907494,2014,10,13,15,31,37,407,2014-10-13 15:31:37:407,
-10.272921,4.726304,12.420220,-2.836979,-0.843806,15.558869,-7.435942,5.570110,-3.138649,7.327984,0.098405,4.095273,2014,10,13,15,31,37,910,2014-10-13 15:31:37:910,
-1.687314,-0.095618,9.762657,6.888418,-3.231424,6.185570,-8.575731,3.135806,3.577087,-8.787336,-6.311291,-1.063802,2014,10,13,15,31,38,469,2014-10-13 15:31:38:469,
2.868852,-4.548833,-15.156195,10.222942,-10.191368,-18.357542,-7.354090,5.642535,3.201347,9.243355,2.138380,-0.175373,2014,10,13,15,31,39,52,2014-10-13 15:31:39:52,
-6.925827,3.105429,19.693806,1.268029,-2.151639,20.875195,-8.193856,5.257068,-1.181389,-10.563107,-4.078503,-1.937321,2014,10,13,15,31,39,782,2014-10-13 15:31:39:782,
-3.878008,-5.156961,-14.768333,4.207211,-9.518000,-18.200571,-8.085219,4.361038,3.432238,-4.245029,-2.444386,-0.260594,2014,10,13,15,31,40,285,2014-10-13 15:31:40:285,
-9.233837,4.798130,3.604770,4.207211,-9.518000,-18.200571,-8.085219,4.361038,3.432238,7.978879,-0.356468,2.717885,2014,10,13,15,31,40,862,2014-10-13 15:31:40:862,
-1.548450,6.035932,-0.417489,5.263204,1.001375,-5.359570,-6.811654,5.034557,4.942081,6.149686,3.006608,1.277656,2014,10,13,15,31,41,411,2014-10-13 15:31:41:411,
-2.391209,-4.374057,-6.544251,6.013636,-9.150639,-8.191162,-8.404845,4.776582,1.646912,-2.875273,-4.209483,-3.073946,2014,10,13,15,31,41,913,2014-10-13 15:31:41:913,
-3.174113,-8.211962,2.477101,6.013636,-9.150639,-8.191162,-8.404845,4.776582,1.646912,-6.930735,-8.643113,3.114175,2014,10,13,15,31,42,416,2014-10-13 15:31:42:416,
-3.406350,-4.074781,10.313323,5.556044,-1.520917,7.259818,-8.962395,-2.553865,3.053505,0.218140,0.415926,-0.182811,2014,10,13,15,31,42,919,2014-10-13 15:31:42:919,
-8.735844,10.379014,12.585421,-4.086154,12.476634,4.209904,-4.649689,-2.097620,8.375516,1.821375,6.094848,-6.725666,2014,10,13,15,31,43,422,2014-10-13 15:31:43:422,
-3.442264,5.887492,-13.839384,1.091157,5.662586,-22.532282,-4.533421,0.224905,8.692898,-5.080447,-12.236230,-8.589881,2014,10,13,15,31,43,925,2014-10-13 15:31:43:925,
-19.605518,16.072426,-13.678972,-15.579220,23.005436,-19.326445,-4.026299,-6.933010,5.647473,3.943459,7.205898,-3.276345,2014,10,13,15,31,44,428,2014-10-13 15:31:44:428,
-19.605518,19.689466,-1.212364,-13.292608,18.691233,-8.650101,-6.312912,0.998232,7.437737,24.204943,-0.559921,10.072474,2014,10,13,15,31,44,931,2014-10-13 15:31:44:931,
-15.939997,19.689466,19.693806,-10.329634,15.487043,12.835614,-5.610363,4.202423,6.858191,11.126761,-4.927525,4.956004,2014,10,13,15,31,45,435,2014-10-13 15:31:45:435,
-8.664018,1.913117,-13.760375,-4.107253,-3.131765,-20.828209,-4.556765,5.044882,7.067833,19.314480,7.120591,-1.563420,2014,10,13,15,31,45,938,2014-10-13 15:31:45:938,
-8.664018,1.913117,-13.760375,-4.107253,-3.131765,-20.828209,-4.556765,5.044882,7.067833,19.314480,7.120591,-1.563420,2014,10,13,15,32,1,103,2014-10-13 15:32:01:103,
-19.605518,-11.144859,-11.337442,-11.080365,-6.305878,-11.617564,-8.525154,-4.838981,0.280122,-11.011414,2.828480,0.504772,2014,10,13,15,33,34,287,2014-10-13 15:33:34:287,
-0.559645,-0.617554,2.343026,8.108113,-0.048782,6.894852,-8.667758,-0.568773,-4.551826,-13.508554,3.077795,3.216945,2014,10,13,15,33,34,823,2014-10-13 15:33:34:823,
1.990180,5.978471,6.657377,8.472780,12.794913,3.885340,-6.482600,-6.816442,2.772037,5.221894,-0.106255,-0.883251,2014,10,13,15,33,35,327,2014-10-13 15:33:35:327,
-6.803723,19.689466,19.693806,-1.323694,23.655611,12.593801,-5.480029,-3.966145,7.100005,22.862545,0.216555,0.463251,2014,10,13,15,33,35,835,2014-10-13 15:33:35:835,
0.072425,-8.750658,7.004536,6.310368,-8.569147,-0.560243,-6.237943,-0.181510,7.564780,-6.075530,1.050702,-0.021434,2014,10,13,15,33,36,338,2014-10-13 15:33:36:338,
2.090737,15.042919,-0.752677,7.534403,22.819885,-3.213767,-5.443666,-7.776966,2.461090,15.390485,0.258179,-3.738133,2014,10,13,15,33,36,847,2014-10-13 15:33:36:847,
3.132214,19.689466,10.559926,7.259220,21.298967,1.810765,-4.127005,-1.609502,8.749161,28.662428,-0.720749,0.282187,2014,10,13,15,33,37,351,2014-10-13 15:33:37:351,
1.003769,-0.892888,9.178472,6.234202,-3.725677,1.381903,-5.230433,2.832789,7.796568,-1.576264,0.271038,-0.405968,2014,10,13,15,33,37,859,2014-10-13 15:33:37:859,
-0.526126,-3.730017,8.800188,3.959710,0.703596,1.290774,-4.485836,-4.433613,7.509414,-1.044717,0.136820,-0.598779,2014,10,13,15,33,38,363,2014-10-13 15:33:38:363,
-6.205172,-3.016545,3.951929,-1.220295,2.906860,-2.067693,-4.984878,-5.923405,6.019622,-7.102946,1.385328,2.846290,2014,10,13,15,33,38,865,2014-10-13 15:33:38:865,
-1.749563,0.720804,10.143334,5.281459,5.261258,5.032462,-7.031022,-4.540454,5.110872,0.908863,-0.079398,0.354640,2014,10,13,15,33,39,424,2014-10-13 15:33:39:424,
5.263054,19.689466,-17.296612,11.497854,22.270714,-24.412477,-6.234800,-2.581249,7.115867,23.646811,-1.789115,-8.103552,2014,10,13,15,33,39,927,2014-10-13 15:33:39:927,
0.759560,6.818836,-4.102165,5.084686,4.361936,-12.553548,-4.325125,2.456900,8.451383,19.904467,-4.394732,-6.838013,2014,10,13,15,33,40,431,2014-10-13 15:33:40:431,
-0.528520,-15.131206,-4.736629,3.850325,-13.067104,-13.265224,-4.378845,-2.064101,8.528595,11.670940,-2.935295,-6.211631,2014,10,13,15,33,40,934,2014-10-13 15:33:40:934,
-7.287352,-6.722769,-7.422923,-0.192883,-0.781108,-10.669311,-7.094469,-5.941660,3.246388,-15.819365,3.257112,9.748165,2014,10,13,15,33,41,437,2014-10-13 15:33:41:437,
-1.993771,-9.543139,5.208885,5.297620,-3.196110,3.558233,-7.291392,-6.347029,1.650652,2.218669,0.063473,-0.339882,2014,10,13,15,33,41,941,2014-10-13 15:33:41:941,
1.827374,4.513220,6.714838,7.569568,12.143092,4.482095,-5.742194,-7.629872,2.232743,-9.491866,0.192392,-0.321768,2014,10,13,15,33,42,444,2014-10-13 15:33:42:444,
0.062848,4.733486,6.561609,3.790321,4.510077,-2.506280,-3.727473,0.223409,9.067889,-1.771831,-0.099508,-0.116176,2014,10,13,15,33,42,948,2014-10-13 15:33:42:948,
-10.548254,-17.987488,-6.467637,-7.990050,-21.774218,-15.144373,-2.558204,3.786729,8.676737,5.017125,-3.006621,-5.367931,2014,10,13,15,33,43,453,2014-10-13 15:33:43:453,
-14.072519,-19.536537,-17.732355,-6.299145,-14.021194,-20.040815,-7.773375,-5.515343,2.308459,-4.453075,-1.381027,-4.860866,2014,10,13,15,33,43,956,2014-10-13 15:33:43:956,
1.441908,-3.212869,3.336619,9.839720,1.516876,5.147384,-8.397812,-4.729745,-1.810765,-12.813251,2.469898,2.249774,2014,10,13,15,34,1,145,2014-10-13 15:34:01:145,
5.157709,15.205725,-17.842489,6.279542,24.483255,-14.869040,-1.121833,-9.277532,-2.973449,-25.284754,-3.173540,0.906299,2014,10,13,15,34,19,111,2014-10-13 15:34:19:111,
5.272631,7.335984,-17.768269,1.471237,2.236334,-10.304195,3.801394,5.099649,-7.464074,16.930487,2.471329,-8.174007,2014,10,13,15,34,19,663,2014-10-13 15:34:19:663,
8.480861,9.533861,-15.386038,1.000926,11.318738,-9.300426,7.479935,-1.784877,-6.085612,11.003157,6.358532,-1.015418,2014,10,13,15,34,20,166,2014-10-13 15:34:20:166,
12.811972,-7.132177,-9.556157,5.900361,-7.931840,-2.645294,6.911612,0.799663,-6.910863,11.945743,-1.618122,-1.254026,2014,10,13,15,34,20,676,2014-10-13 15:34:20:676,
-1.007360,-17.865383,-16.657358,-9.018659,-19.252375,-11.174189,6.911612,0.799663,-6.910863,4.783886,-9.860050,-6.652781,2014,10,13,15,34,21,178,2014-10-13 15:34:21:178,
19.620483,-2.662203,-3.520374,10.699837,-2.128595,0.517746,8.920646,-0.533608,-4.038120,-9.811488,-4.977893,-0.466778,2014,10,13,15,34,21,687,2014-10-13 15:34:21:687,
5.174469,9.545832,-8.701427,-0.512958,5.662586,-1.719785,5.687426,3.883245,-6.981642,-5.987253,-5.818370,-1.623651,2014,10,13,15,34,22,190,2014-10-13 15:34:22:190,
4.705205,16.589573,-7.458836,-4.822072,15.777939,-5.281609,9.527277,0.811634,-2.177227,-5.863862,-0.636876,-0.619095,2014,10,13,15,34,22,695,2014-10-13 15:34:22:695,
8.313267,-2.863316,-5.141249,-1.277905,-4.875343,-4.781371,9.591172,2.012027,-0.359878,11.707616,-0.963897,-4.272948,2014,10,13,15,34,23,198,2014-10-13 15:34:23:198,
16.094423,-6.744317,-3.927389,7.435642,-5.457134,0.492906,8.658780,-1.287183,-4.420295,-7.526850,0.623361,9.766175,2014,10,13,15,34,23,701,2014-10-13 15:34:23:701,
4.281431,8.863484,-8.095694,-3.452589,4.434361,-4.004452,7.734020,4.429123,-4.091242,-4.500562,-4.437676,1.031015,2014,10,13,15,34,24,203,2014-10-13 15:34:24:203,
-0.760758,15.998205,-9.407717,-10.195259,13.908965,-7.736414,9.434502,2.089240,-1.671302,0.452873,2.924379,-1.350914,2014,10,13,15,34,24,709,2014-10-13 15:34:24:709,
10.075399,0.617854,-7.109282,-10.195259,13.908965,-7.736414,9.434502,2.089240,-1.671302,10.446067,0.190924,-2.194600,2014,10,13,15,34,25,211,2014-10-13 15:34:25:211,
12.177508,3.454983,0.463577,2.958186,3.023577,3.778499,9.219322,0.431405,-3.314922,2.468270,1.380833,-1.691793,2014,10,13,15,34,25,714,2014-10-13 15:34:25:714,
19.252375,0.663343,-8.746917,10.124929,-0.704793,-5.432294,9.127445,1.368137,-3.314623,-15.796754,-3.630171,2.168725,2014,10,13,15,34,26,217,2014-10-13 15:34:26:217,
9.524733,-8.686014,-10.154707,0.390405,-8.220791,-6.616825,9.134329,-0.465223,-3.537882,13.279510,-2.751294,-8.489237,2014,10,13,15,34,26,720,2014-10-13 15:34:26:720,
6.402694,1.237952,-4.190751,-1.442656,5.815217,-0.493654,9.134329,-0.465223,-3.537882,11.781748,-2.994174,-7.070305,2014,10,13,15,34,27,223,2014-10-13 15:34:27:223,
8.631696,11.889755,-4.051887,-0.036811,15.858294,-1.754202,8.668507,-3.968539,-2.297685,-8.168608,-1.537935,1.824658,2014,10,13,15,34,27,735,2014-10-13 15:34:27:735,
-0.545279,16.936733,-6.812402,-10.229377,16.444574,-5.347300,9.684097,0.492158,-1.465102,4.405774,-2.783229,-0.766065,2014,10,13,15,34,28,238,2014-10-13 15:34:28:238,
0.012570,12.258462,-10.264840,-9.510966,9.945813,-9.915137,9.523536,2.312649,-0.349703,-6.924469,-0.434297,2.257162,2014,10,13,15,34,28,752,2014-10-13 15:34:28:752,
-3.734356,18.524088,-12.565668,-13.035680,16.003443,-10.749068,9.301324,2.520645,-1.816601,2.532949,2.946852,-0.145010,2014,10,13,15,34,29,255,2014-10-13 15:34:29:255,
9.428965,9.208249,-11.131541,-0.147543,7.251139,-10.338462,9.576508,1.957110,-0.793079,-17.956430,-2.474256,6.466027,2014,10,13,15,34,29,756,2014-10-13 15:34:29:756,
8.464102,-0.270395,-17.382803,-0.626832,-1.336563,-13.863027,9.090934,1.066168,-3.519776,18.993332,-0.618565,-6.872149,2014,10,13,15,34,30,262,2014-10-13 15:34:30:262,
9.385869,5.739051,-11.780370,1.053149,6.848165,-6.730101,8.332720,-1.109114,-5.050269,-19.750427,-1.469688,9.999515,2014,10,13,15,34,30,770,2014-10-13 15:34:30:770,
8.921394,-4.910358,-9.812336,0.844704,-5.709124,-4.307917,8.076690,0.798766,-5.504419,15.344711,1.026227,-6.907297,2014,10,13,15,34,31,273,2014-10-13 15:34:31:273,
1.066018,19.689466,5.613505,-5.865196,20.838383,12.455086,6.931214,-1.148918,-6.841581,1.157416,-1.649690,-0.392133,2014,10,13,15,34,31,776,2014-10-13 15:34:31:776,
11.162367,7.613711,-14.138659,1.732803,9.300875,-12.039692,9.429564,-1.687164,-2.098967,-19.962517,-4.355462,5.090783,2014,10,13,15,34,32,278,2014-10-13 15:34:32:278,
7.733870,-1.331027,-19.532196,-0.561291,-2.516755,-14.437784,8.295160,1.185728,-5.094412,23.155064,2.196997,-10.157408,2014,10,13,15,34,32,781,2014-10-13 15:34:32:781,
8.284536,8.030302,-15.975012,0.861763,8.489989,-9.582792,7.422773,-0.459687,-6.392219,-19.919970,-1.101062,9.575550,2014,10,13,15,34,33,284,2014-10-13 15:34:33:284,
17.135900,-11.434558,-14.334984,10.893917,-12.735507,-6.884078,6.241983,1.300949,-7.450905,15.334906,-1.732750,-9.805868,2014,10,13,15,34,33,836,2014-10-13 15:34:33:836,
6.828862,19.689466,-9.745298,0.334889,16.744598,-3.012804,6.493973,2.944868,-6.732495,-22.247623,-2.964195,1.487000,2014,10,13,15,34,34,339,2014-10-13 15:34:34:339,
2.648586,1.518074,-2.545934,-5.071667,5.089175,2.334197,7.720253,-3.571101,-4.880131,10.007401,-0.945489,-2.095476,2014,10,13,15,34,34,843,2014-10-13 15:34:34:843,
4.721964,7.817218,4.093187,-5.071667,5.089175,2.334197,7.720253,-3.571101,-4.880131,-4.453562,-2.682935,0.881938,2014,10,13,15,34,35,347,2014-10-13 15:34:35:347,
-10.323199,19.689466,12.717102,-19.660885,19.072062,15.648802,9.337686,0.617405,-2.931700,-2.844109,-1.971295,3.632461,2014,10,13,15,34,35,849,2014-10-13 15:34:35:849,
7.465719,-2.935142,-0.558747,0.052672,-9.147796,-2.177227,7.413047,6.212654,1.618480,-3.243583,-0.308417,2.586371,2014,10,13,15,34,36,354,2014-10-13 15:34:36:354,
-13.995905,15.995811,-1.296161,-23.536499,15.926828,0.971447,9.540594,0.068983,-2.267608,-12.090636,-5.674146,4.225815,2014,10,13,15,34,36,858,2014-10-13 15:34:36:858,
-16.373346,19.689466,14.278121,-23.106890,14.633511,9.251644,6.733542,5.055955,5.026477,8.716108,1.789097,-1.351909,2014,10,13,15,34,37,362,2014-10-13 15:34:37:362,
-8.702325,19.689466,5.026926,-14.572009,14.981567,-1.262044,5.869685,4.707898,6.288970,9.337196,4.918833,0.395122,2014,10,13,15,34,37,865,2014-10-13 15:34:37:865,
9.955689,-14.307600,-3.805284,4.319738,-16.751930,-11.449223,5.635951,2.444330,7.643938,-7.104095,-0.867683,1.239876,2014,10,13,15,34,38,369,2014-10-13 15:34:38:369,
-2.925116,15.088408,-10.765228,-11.859229,19.052158,-11.565491,8.934114,-3.963751,0.800262,-17.023310,-1.917394,4.398283,2014,10,13,15,34,45,659,2014-10-13 15:34:45:659,
4.456208,7.714268,0.281618,-4.471621,5.282357,3.529502,8.927829,2.431910,-3.247884,4.491657,-0.508001,-1.174104,2014,10,13,15,34,46,184,2014-10-13 15:34:46:184,
4.882376,7.934534,-0.247501,-4.471621,5.282357,3.529502,8.927829,2.431910,-3.247884,-0.538560,0.129037,0.116999,2014,10,13,15,34,46,689,2014-10-13 15:34:46:689,
6.247071,12.023830,-0.276231,-2.770241,9.203610,2.351405,9.017312,2.820220,-2.627636,0.230561,0.033164,-0.640404,2014,10,13,15,34,47,204,2014-10-13 15:34:47:204,
-5.271434,-4.527286,-6.441300,-13.914352,-8.190414,-3.603872,8.642919,3.663129,-2.837428,11.589270,-0.825384,-6.132894,2014,10,13,15,34,47,711,2014-10-13 15:34:47:711,
-1.771111,-0.354192,-15.024513,-10.116999,4.654627,-16.219669,8.345888,-5.008820,1.195156,-16.145956,0.207922,9.762982,2014,10,13,15,34,48,213,2014-10-13 15:34:48:213,
8.933365,19.689466,8.419510,0.417938,24.551342,8.560617,8.515428,-4.861876,-0.141108,-14.307528,1.316921,7.284126,2014,10,13,15,34,48,716,2014-10-13 15:34:48:716,
2.253542,4.963330,-12.273576,-6.576723,1.115698,-10.432136,8.830265,3.847632,-1.841440,20.522358,-1.534792,-9.951853,2014,10,13,15,34,49,222,2014-10-13 15:34:49:222,
4.559159,3.289783,-9.721356,-5.064335,4.972458,-10.573543,9.623494,-1.682675,0.852186,-15.692454,-0.226625,4.405787,2014,10,13,15,34,49,724,2014-10-13 15:34:49:724,
0.649427,19.689466,-9.939229,-9.001899,19.437027,-8.219594,9.651326,0.252439,-1.719635,23.190762,1.458623,-4.231377,2014,10,13,15,34,50,228,2014-10-13 15:34:50:228,
4.791396,-4.790648,-10.288782,-9.001899,19.437027,-8.219594,9.651326,0.252439,-1.719635,-12.653402,0.965445,3.623892,2014,10,13,15,34,50,739,2014-10-13 15:34:50:739,
-3.600281,19.689466,-12.750022,-12.994979,20.530130,-10.066122,9.394698,-0.840664,-2.683900,23.552805,1.779307,-4.632972,2014,10,13,15,34,51,242,2014-10-13 15:34:51:242,
-0.739210,-1.220893,-8.169914,-10.389190,-1.221342,-6.424092,9.649980,0.000449,-1.745822,-12.824929,0.748136,9.753425,2014,10,13,15,34,51,763,2014-10-13 15:34:51:763,
6.646903,19.689466,-16.822559,-1.128417,21.513399,-11.131541,7.775320,-1.823933,-5.691018,25.828190,-1.455896,-9.279655,2014,10,13,15,34,52,266,2014-10-13 15:34:52:266,
2.157774,-0.914435,-7.772477,-1.128417,21.513399,-11.131541,7.775320,-1.823933,-5.691018,-12.119936,-0.092301,5.662823,2014,10,13,15,34,52,769,2014-10-13 15:34:52:769,
5.255871,0.273089,-9.077316,-2.756624,2.612074,-3.929633,8.012495,-2.338985,-5.147683,14.416866,-4.660155,-10.114808,2014,10,13,15,34,53,272,2014-10-13 15:34:53:272,
10.338761,19.689466,-10.832266,4.108450,22.748806,-3.904494,6.230311,-3.059341,-6.927772,-17.893677,-0.408683,1.490183,2014,10,13,15,34,53,777,2014-10-13 15:34:53:777,
-4.742315,-4.271106,-3.515586,-13.791948,-0.519392,-3.960608,9.049634,-3.751714,0.445022,-6.233292,-2.505123,7.223435,2014,10,13,15,34,54,280,2014-10-13 15:34:54:280,
13.563751,5.770176,0.169090,-13.791948,-0.519392,-3.960608,9.049634,-3.751714,0.445022,10.085417,-2.990863,-11.124674,2014,10,13,15,34,54,782,2014-10-13 15:34:54:782,
3.113061,13.070097,-14.792276,-2.388964,14.987852,-6.904279,5.502025,-1.917756,-7.887997,-22.421127,1.166864,6.852729,2014,10,13,15,34,55,285,2014-10-13 15:34:55:285,
-1.483806,-11.748199,-10.801142,-10.798449,-9.717017,-8.503157,9.314642,-2.031181,-2.297985,9.649756,-4.836975,-7.481472,2014,10,13,15,34,55,788,2014-10-13 15:34:55:788,
5.579089,10.434081,5.726033,-2.456002,11.775581,11.185710,8.035090,-1.341501,-5.459678,-5.015739,-0.208401,6.876163,2014,10,13,15,34,56,292,2014-10-13 15:34:56:292,
9.977237,19.689466,-14.272734,4.891803,18.206408,-6.019921,5.085434,1.483058,-8.252813,11.440518,0.722342,-5.657811,2014,10,13,15,35,1,158,2014-10-13 15:35:01:158,
7.429806,15.478663,2.122759,4.911106,15.529840,11.600356,2.518700,-0.051176,-9.477597,-0.408038,2.638366,-3.442154,2014,10,13,15,35,17,997,2014-10-13 15:35:17:997,
-3.368043,-9.631723,-19.532196,-7.544279,-7.669975,-10.878803,4.176236,-1.961749,-8.653393,19.326954,0.149934,-6.718901,2014,10,13,15,35,18,502,2014-10-13 15:35:18:502,
1.786673,19.689466,-9.515455,-5.388450,14.337677,-13.520805,7.175123,5.351789,4.005350,-18.181007,2.342249,7.035793,2014,10,13,15,35,19,3,2014-10-13 15:35:19:03,
-5.106234,-15.722573,-9.848249,-7.386112,-17.511341,-0.479439,2.279879,1.788768,-9.368811,-5.780385,1.295126,1.284439,2014,10,13,15,35,19,506,2014-10-13 15:35:19:506,
1.757943,19.689466,9.544785,-7.386112,-17.511341,-0.479439,2.279879,1.788768,-9.368811,10.644928,-1.309445,-1.467139,2014,10,13,15,35,20,15,2014-10-13 15:35:20:15,
-10.047866,-19.536537,-8.268076,-14.962713,-17.193661,-0.111630,4.914847,-2.342876,-8.156446,-1.782698,-0.589260,2.708713,2014,10,13,15,35,20,517,2014-10-13 15:35:20:517,
-0.076016,19.689466,-9.118018,-8.242937,14.852430,-11.582250,8.166922,4.837036,2.464232,20.012611,4.625210,-6.337512,2014,10,13,15,35,21,32,2014-10-13 15:35:21:32,
3.350087,3.294571,-6.929718,0.669179,6.575525,1.914464,2.680907,-3.280954,-8.844181,-12.564483,1.550922,3.481045,2014,10,13,15,35,21,535,2014-10-13 15:35:21:535,
3.690063,-5.724387,-8.282441,-1.650802,-10.810419,-1.818845,2.680907,-3.280954,-8.844181,13.850879,-4.638265,-7.314344,2014,10,13,15,35,22,37,2014-10-13 15:35:22:37,
4.903924,19.689466,-11.030985,-2.280926,14.372992,-6.995708,7.184850,5.316474,-4.035277,-18.651579,-0.076756,9.030019,2014,10,13,15,35,22,539,2014-10-13 15:35:22:539,
3.041235,2.279430,-11.447577,-2.339734,4.201674,-3.477428,5.380968,-1.922245,-7.970148,-2.625740,-1.759874,-16.941128,2014,10,13,15,35,23,43,2014-10-13 15:35:23:43,
12.843097,19.630209,4.282329,8.742578,17.139193,12.835166,4.100519,2.491017,-8.552836,-5.436049,2.042093,1.463455,2014,10,13,15,35,23,545,2014-10-13 15:35:23:545,
-1.584363,-3.459472,-5.770924,8.742578,17.139193,12.835166,4.100519,2.491017,-8.552836,-5.055749,2.926262,9.343216,2014,10,13,15,35,24,48,2014-10-13 15:35:24:48,
8.796896,12.936022,-15.596727,4.559159,10.075250,-7.228394,4.237737,2.860772,-8.368334,12.666875,-4.232266,-10.325815,2014,10,13,15,35,24,550,2014-10-13 15:35:24:550,
4.721964,19.689466,-14.337378,2.510470,20.299389,-4.802769,2.211494,-0.609923,-9.534609,21.417900,6.255294,-12.044079,2014,10,13,15,35,25,54,2014-10-13 15:35:25:54,
6.572682,1.264288,-5.972037,1.426795,9.108441,-3.115455,5.145888,-7.844153,-2.856582,-7.445484,4.522121,7.222297,2014,10,13,15,35,25,557,2014-10-13 15:35:25:557,
-5.111022,-0.935983,-5.191527,-10.931027,-2.814534,2.474557,5.145888,-7.844153,-2.856582,5.095809,-3.702768,1.376130,2014,10,13,15,35,26,60,2014-10-13 15:35:26:60,
17.846977,19.689466,-15.515325,12.337172,19.899109,-7.405565,5.509806,-0.209642,-8.109759,18.944279,1.691722,-8.608596,2014,10,13,15,35,26,563,2014-10-13 15:35:26:563,
10.166379,5.480477,-12.584822,8.348731,12.745981,-6.253805,1.817648,-7.265504,-6.331017,-13.110529,2.556700,6.234795,2014,10,13,15,35,27,65,2014-10-13 15:35:27:65,
-9.066243,-1.134702,-8.878597,-11.512070,-0.227599,0.574758,2.445827,-0.907103,-9.453356,3.842109,-3.530226,-3.699863,2014,10,13,15,36,1,101,2014-10-13 15:36:01:101,
-0.028132,-2.116325,-7.865850,-1.219397,-2.236184,1.867477,1.191265,0.119860,-9.733328,2.860927,-0.329941,-2.584732,2014,10,13,15,36,13,247,2014-10-13 15:36:13:247,
-8.723872,-6.107459,-9.814731,-5.148282,-5.909338,-0.685191,-3.575591,-0.198120,-9.129540,-4.789867,1.040007,3.915516,2014,10,13,15,36,13,820,2014-10-13 15:36:13:820,
2.275090,19.689466,-3.941754,5.909638,18.711733,5.114015,-3.634548,0.977732,-9.055769,-10.092862,3.949273,7.732366,2014,10,13,15,36,14,323,2014-10-13 15:36:14:323,
11.875839,19.689466,-19.532196,13.555521,17.407043,-10.143784,-1.679682,2.282422,-9.388413,14.620086,-5.560309,-11.590458,2014,10,13,15,36,14,844,2014-10-13 15:36:14:844,
1.590348,5.786935,-17.739538,3.737648,13.611785,-12.231977,-1.679682,2.282422,-9.388413,-13.634180,2.256669,9.968380,2014,10,13,15,36,15,347,2014-10-13 15:36:15:347,
2.078766,8.217050,-10.588058,5.009268,11.909358,-1.988534,-2.930503,-3.692308,-8.599524,9.483124,-4.535457,-8.342450,2014,10,13,15,36,15,849,2014-10-13 15:36:15:849,
5.275025,19.689466,-12.144289,8.443152,19.328989,-2.870348,-3.168127,0.360477,-9.273940,-15.805510,5.626187,7.168886,2014,10,13,15,36,16,357,2014-10-13 15:36:16:357,
3.271078,8.197896,-5.924153,5.532850,14.949245,0.819565,-2.261772,-6.751349,-6.743718,8.018064,-3.773707,-5.848646,2014,10,13,15,36,16,860,2014-10-13 15:36:16:860,
6.043564,19.689466,-19.532196,5.532850,14.949245,0.819565,-2.261772,-6.751349,-6.743718,-16.353222,4.915700,12.518654,2014,10,13,15,36,17,363,2014-10-13 15:36:17:363,
-0.794276,5.624129,-9.604041,1.355417,10.338462,-1.277755,-2.149694,-4.714333,-8.326285,7.393652,-2.877775,-8.476643,2014,10,13,15,36,17,870,2014-10-13 15:36:17:870,
5.136161,19.689466,3.224092,6.545747,17.590349,12.699295,-1.409586,2.099116,-9.475203,-13.984222,3.269906,7.126295,2014,10,13,15,36,18,373,2014-10-13 15:36:18:373,
-8.242638,-3.533692,-5.696703,-6.770353,5.798457,-3.066673,-1.472284,-9.332150,-2.630031,-2.847948,2.565766,3.418110,2014,10,13,15,36,18,875,2014-10-13 15:36:18:875,
8.071452,19.689466,-14.840160,-6.770353,5.798457,-3.066673,-1.472284,-9.332150,-2.630031,12.536407,-3.876902,-10.922467,2014,10,13,15,36,19,378,2014-10-13 15:36:19:378,
7.992444,19.689466,-18.400337,12.551902,24.645164,-11.271153,-4.559458,-4.955698,-7.129184,-17.137688,6.182414,11.988180,2014,10,13,15,36,19,880,2014-10-13 15:36:19:880,
4.037222,7.774123,-9.639954,7.863756,13.235895,-2.449717,-3.826533,-5.461772,-7.190237,7.102263,-2.409971,-11.720335,2014,10,13,15,36,20,383,2014-10-13 15:36:20:383,
5.921459,18.655769,6.015731,8.545505,18.175882,15.452626,-2.624045,0.479888,-9.436895,-3.409760,0.395934,2.271912,2014,10,13,15,36,20,887,2014-10-13 15:36:20:887,
-6.944981,-5.264700,-11.311107,-3.476381,1.939902,-5.633556,-2.624045,0.479888,-9.436895,1.622485,0.125374,-3.941771,2014,10,13,15,36,21,390,2014-10-13 15:36:21:390,
4.010886,19.689466,9.652523,6.040571,16.630873,18.746300,-2.029685,3.058593,-9.093777,-4.316358,2.755510,4.902053,2014,10,13,15,36,21,894,2014-10-13 15:36:21:894,
-7.804499,-1.390882,-9.673472,-7.439084,8.102427,-7.241413,-0.365415,-9.493309,-2.432060,3.297145,-0.648025,-8.161288,2014,10,13,15,36,22,397,2014-10-13 15:36:22:397,
9.230247,19.689466,7.114670,12.418126,17.202787,16.049232,-3.187880,2.486678,-8.934562,9.265763,3.723835,-2.792351,2014,10,13,15,36,22,899,2014-10-13 15:36:22:899,
-9.470863,0.531662,-10.451589,-5.746982,-0.409558,-1.428291,-3.723881,0.941221,-9.023297,4.557827,-2.181068,-6.600707,2014,10,13,15,36,24,863,2014-10-13 15:36:24:863,
14.985907,19.689466,-4.595371,19.513941,19.666122,4.103363,-4.528034,0.023343,-8.698733,12.532275,1.462169,-8.119765,2014,10,13,15,36,25,365,2014-10-13 15:36:25:365,
-5.972935,1.130213,-10.573692,-6.704812,10.290428,-13.997999,0.731878,-9.160215,3.424307,-7.706696,0.608896,10.616106,2014,10,13,15,36,25,867,2014-10-13 15:36:25:867,
-1.898003,-0.095618,-4.133290,5.295226,2.944868,1.798494,-7.193229,-3.040487,-5.931784,-1.486752,1.276853,0.301159,2014,10,13,15,36,26,375,2014-10-13 15:36:26:375,
9.946113,19.689466,-15.965435,16.269199,23.050625,-9.265112,-6.323087,-3.361160,-6.700323,13.079597,-2.342896,-7.459287,2014,10,13,15,36,26,878,2014-10-13 15:36:26:878,
7.398682,11.114034,-3.292925,8.147469,20.789452,-1.879748,-6.323087,-3.361160,-6.700323,-4.413201,-0.039770,2.288954,2014,10,13,15,36,27,381,2014-10-13 15:36:27:381,
2.806603,3.545962,-4.712687,4.051588,12.576143,-1.096395,-1.244985,-9.030181,-3.616292,2.524732,-0.215502,-2.028554,2014,10,13,15,36,27,885,2014-10-13 15:36:27:885,
0.716465,13.445987,-8.411729,3.977667,18.805557,-0.874333,-3.261202,-5.359570,-7.537396,-9.334908,1.382408,8.402518,2014,10,13,15,36,28,388,2014-10-13 15:36:28:388,
0.687734,4.103811,-3.613748,3.842394,11.269807,2.291251,-3.154660,-7.165995,-5.904999,0.398361,0.296917,-0.982458,2014,10,13,15,36,28,891,2014-10-13 15:36:28:891,
10.910975,19.689466,5.247192,3.842394,11.269807,2.291251,-3.154660,-7.165995,-5.904999,9.160148,3.079391,-3.002199,2014,10,13,15,36,29,397,2014-10-13 15:36:29:397,
-9.102157,-8.300548,-9.920075,-11.631481,1.165228,-9.505579,2.529325,-9.465775,-0.414496,-2.514142,0.979771,2.244232,2014,10,13,15,36,29,900,2014-10-13 15:36:29:900,
7.389105,19.689466,-8.541016,8.746767,17.857153,0.996886,-1.357662,1.832312,-9.537901,10.962440,1.725476,-4.112196,2014,10,13,15,36,30,408,2014-10-13 15:36:30:408,
3.663727,6.562656,-4.439748,1.313668,15.938949,-2.785953,2.350059,-9.376292,-1.653795,-1.176247,-0.140867,0.765650,2014,10,13,15,36,30,912,2014-10-13 15:36:30:912,
4.748301,16.589573,-0.858022,1.313668,15.938949,-2.785953,2.350059,-9.376292,-1.653795,3.105018,0.295900,-1.202957,2014,10,13,15,36,31,415,2014-10-13 15:36:31:415,
3.460220,8.410980,-3.616142,1.969380,17.839197,-1.367239,1.490839,-9.428217,-2.248904,-0.204771,0.338514,-0.009860,2014,10,13,15,36,31,917,2014-10-13 15:36:31:917,
0.302268,0.967407,-8.500314,-0.269048,8.260145,-1.968632,0.571316,-7.292738,-6.531682,-0.775791,0.510032,-1.248760,2014,10,13,15,36,32,421,2014-10-13 15:36:32:421,
2.909554,11.877785,-3.470096,3.289334,15.746066,5.533449,-0.379780,-3.868282,-9.003545,0.204271,0.211753,0.130757,2014,10,13,15,36,32,923,2014-10-13 15:36:32:923,
-3.820547,-3.258359,-13.987824,-5.071368,4.165612,-7.703494,1.250821,-7.423971,-6.284330,-10.094763,1.535892,8.375907,2014,10,13,15,36,33,431,2014-10-13 15:36:33:431,
5.164892,9.402180,-6.984784,2.871845,7.398383,2.337040,2.293047,2.003797,-9.321824,6.594677,-1.076121,-5.274388,2014,10,13,15,36,33,935,2014-10-13 15:36:33:935,
2.105102,7.285706,-8.524256,1.626710,10.385448,0.767342,0.478391,-3.099743,-9.291597,-9.411967,0.408852,4.067980,2014,10,13,15,36,34,436,2014-10-13 15:36:34:436,
4.789002,7.968053,-3.252224,4.304625,9.312696,6.449830,0.484377,-1.344643,-9.702053,1.463298,0.050929,-0.872715,2014,10,13,15,36,34,945,2014-10-13 15:36:34:945,
4.398747,8.930522,-2.656068,4.304625,9.312696,6.449830,0.484377,-1.344643,-9.702053,-0.556482,0.099941,0.276708,2014,10,13,15,36,35,447,2014-10-13 15:36:35:447,
-0.612317,0.414347,-8.564958,-1.901894,1.378312,1.108665,1.289577,-0.963965,-9.673622,3.738664,-1.026043,-3.887411,2014,10,13,15,36,35,958,2014-10-13 15:36:35:958,
3.615843,13.771598,-0.999280,0.554707,10.516082,7.730129,3.061136,3.255516,-8.729409,-5.808358,0.221414,2.620297,2014,10,13,15,36,36,461,2014-10-13 15:36:36:461,
4.274249,7.228245,-2.452560,2.119916,8.088212,7.075913,2.154333,-0.859967,-9.528474,0.408526,-0.049163,-0.417837,2014,10,13,15,36,36,972,2014-10-13 15:36:36:972,
1.765125,11.511472,-9.944017,-0.199766,8.622568,-0.780809,1.964891,2.888904,-9.163208,10.669166,-0.069407,-12.749338,2014,10,13,15,36,37,476,2014-10-13 15:36:37:476,
5.282207,0.481384,-9.465178,3.350685,-4.633080,-1.323844,1.931522,5.114464,-8.141334,-6.404893,-1.244393,4.183039,2014,10,13,15,36,37,984,2014-10-13 15:36:37:984,
4.386776,16.723648,-8.155549,2.603245,11.771392,0.118812,1.783531,4.952257,-8.274361,8.344656,0.289615,-4.220825,2014,10,13,15,36,38,487,2014-10-13 15:36:38:487,
3.362058,7.379079,-4.966472,1.411981,6.079926,4.556166,1.950077,1.299154,-9.522638,-2.297336,-0.150339,0.944642,2014,10,13,15,36,38,995,2014-10-13 15:36:38:995,
3.251925,9.416545,-2.601001,0.231040,5.331289,5.786786,1.950077,1.299154,-9.522638,1.083794,0.123439,-0.497725,2014,10,13,15,36,39,498,2014-10-13 15:36:39:498,
3.455432,8.480412,-2.670433,0.162058,3.507954,5.114015,3.293374,4.972458,-7.784448,0.805760,-0.187618,-0.447657,2014,10,13,15,36,40,0,2014-10-13 15:36:40:00,
-1.244386,19.689466,-10.286388,-4.567538,14.012664,-3.013103,3.323152,5.676802,-7.273285,14.252573,-1.943169,-9.303199,2014,10,13,15,36,40,508,2014-10-13 15:36:40:508,
1.698088,-0.603189,-4.334403,-1.326388,-8.177845,1.110461,3.024475,7.574656,-5.444864,1.699498,-0.909862,-1.942222,2014,10,13,15,36,41,10,2014-10-13 15:36:41:10,
2.598307,19.144186,-12.785934,-3.178004,11.590929,-10.387693,3.024475,7.574656,-5.444864,-14.463894,2.099546,9.644668,2014,10,13,15,36,41,525,2014-10-13 15:36:41:525,
7.441777,19.689466,-11.019014,1.575534,13.751098,-5.871929,5.866243,5.938368,-5.147085,12.671587,-1.699187,-9.515179,2014,10,13,15,36,42,34,2014-10-13 15:36:42:34,
3.675698,9.936087,-2.818873,-0.429011,3.715951,3.555390,4.104709,6.220136,-6.374263,-2.311377,-0.079980,0.924414,2014,10,13,15,36,42,537,2014-10-13 15:36:42:537,
6.917447,19.689466,6.650195,3.293075,13.719225,13.534272,3.624372,5.970241,-6.884078,8.765179,1.768271,-1.619433,2014,10,13,15,36,43,40,2014-10-13 15:36:43:40,
2.231995,-0.042946,-2.984073,3.293075,13.719225,13.534272,3.624372,5.970241,-6.884078,0.128027,-0.009659,0.322543,2014,10,13,15,36,43,551,2014-10-13 15:36:43:551,
5.387552,16.275932,3.406051,0.016011,8.572140,6.228665,5.371541,7.703793,-2.822614,-1.213141,1.447623,0.588860,2014,10,13,15,36,44,64,2014-10-13 15:36:44:64,
8.775348,19.689466,-9.915287,4.784064,12.186786,-5.021539,3.991284,7.502680,-4.893748,15.433722,-1.670399,-9.151917,2014,10,13,15,36,44,566,2014-10-13 15:36:44:566,
-7.222708,-2.954295,-7.983166,-11.002404,-11.153987,-4.156035,3.779696,8.199692,-3.827132,4.483868,0.299275,-5.376620,2014,10,13,15,36,45,71,2014-10-13 15:36:45:71,
3.050812,12.126781,-0.369605,-5.824943,8.202535,-1.780388,8.875754,3.924246,1.410783,-2.023845,0.036158,0.682605,2014,10,13,15,36,45,588,2014-10-13 15:36:45:588,
3.558382,9.495554,-0.884358,-0.784700,1.701828,3.185785,4.343082,7.793725,-4.070143,0.078986,-0.027758,-0.275068,2014,10,13,15,36,46,90,2014-10-13 15:36:46:90,
3.050812,9.502736,-0.697610,-1.063474,1.212514,2.544887,4.114286,8.290223,-3.242497,-0.177819,0.021265,-0.052422,2014,10,13,15,36,46,593,2014-10-13 15:36:46:593,
-7.411850,-6.303783,-9.163507,-11.236288,-14.786440,-6.067057,3.824438,8.482656,-3.096451,-7.276742,0.547505,5.533824,2014,10,13,15,36,47,96,2014-10-13 15:36:47:96,
1.128268,19.689466,2.168249,-6.722021,18.384926,-3.562273,7.850288,1.304541,5.730522,-8.039458,2.118767,5.361250,2014,10,13,15,36,47,599,2014-10-13 15:36:47:599,
3.788226,19.689466,-5.653608,-0.723498,11.514015,-2.657863,4.511724,8.175450,-2.995745,12.481796,0.363211,-5.945466,2014,10,13,15,36,48,103,2014-10-13 15:36:48:103,
2.081160,7.486818,-2.404676,-0.506523,-1.161487,1.426795,2.587683,8.648306,-3.831471,-1.057792,-0.201359,0.820033,2014,10,13,15,36,48,613,2014-10-13 15:36:48:613,
1.968632,9.210644,-2.905065,-1.509544,0.489465,-0.074520,3.478177,8.721179,-2.830545,-0.111837,-0.040504,0.217094,2014,10,13,15,36,49,116,2014-10-13 15:36:49:116,
2.581548,8.999954,-2.634520,-0.389507,0.256030,0.664690,2.971055,8.743924,-3.299210,-0.305754,-0.035167,0.103113,2014,10,13,15,36,49,627,2014-10-13 15:36:49:627,
5.926248,19.689466,1.789965,3.057545,10.899453,5.057302,2.868703,8.790012,-3.267337,-12.148299,2.799502,5.244079,2014,10,13,15,36,50,130,2014-10-13 15:36:50:130,
4.020463,19.689466,7.679701,-0.109086,10.797850,7.911789,4.129549,8.891616,-0.232088,-7.184089,3.563276,5.474171,2014,10,13,15,36,50,641,2014-10-13 15:36:50:641,
2.729989,6.227468,0.073322,0.927155,-3.090316,2.542642,1.802834,9.317784,-2.469320,0.640278,-0.457032,-0.460417,2014,10,13,15,36,51,144,2014-10-13 15:36:51:144,
3.982156,9.454852,0.849044,-0.662446,1.100136,-1.340304,4.644602,8.354716,2.189348,-0.639233,-0.276968,0.309777,2014,10,13,15,36,51,653,2014-10-13 15:36:51:653,
0.472256,-2.168997,-12.812271,-3.474286,-11.134086,-13.282882,3.946542,8.965088,0.470610,-11.968321,2.488458,10.594905,2014,10,13,15,36,52,156,2014-10-13 15:36:52:156,
-9.626487,6.426187,-9.371803,-16.669031,5.195567,-16.084097,7.042544,1.230620,6.712294,7.298020,-2.814420,-9.061353,2014,10,13,15,36,52,664,2014-10-13 15:36:52:664,
0.994192,7.391050,-4.870704,-6.544251,1.155053,-4.198083,7.538443,6.235998,-0.672621,1.267558,-1.250611,0.486613,2014,10,13,15,36,53,168,2014-10-13 15:36:53:168,
0.723647,8.178742,-6.015132,-6.544251,1.155053,-4.198083,7.538443,6.235998,-0.672621,-0.146022,0.158727,0.393934,2014,10,13,15,36,53,672,2014-10-13 15:36:53:672,
1.585560,8.243386,-5.620089,0.031424,1.644517,1.465700,1.554136,6.598869,-7.085790,0.186341,0.129964,-0.389036,2014,10,13,15,36,54,180,2014-10-13 15:36:54:180,
-4.967370,13.163470,-14.229638,-7.046285,6.302287,-7.538443,2.078915,6.861184,-6.691195,16.069414,-0.672174,-8.706619,2014,10,13,15,36,54,683,2014-10-13 15:36:54:683,
-3.463811,-2.532916,-19.032408,-5.925200,-11.793239,-21.119553,2.461389,9.260324,2.087145,10.878380,4.364396,0.954264,2014,10,13,15,36,55,187,2014-10-13 15:36:55:187,
-7.404667,-19.536537,-18.397943,-5.530756,-25.675119,-25.812338,-1.873912,6.138584,7.414394,-7.173604,0.872463,0.484483,2014,10,13,15,36,55,690,2014-10-13 15:36:55:690,
1.042076,-19.536537,-19.532196,2.202366,-23.208195,-28.551155,-1.160290,3.671658,9.018958,-0.476286,0.824526,-7.349471,2014,10,13,15,36,56,192,2014-10-13 15:36:56:192,
-0.949899,-3.327791,0.944812,0.254384,-1.202338,-8.552687,-1.204283,-2.125453,9.497499,-0.817183,0.461274,-0.580780,2014,10,13,15,36,56,701,2014-10-13 15:36:56:701,
5.705981,-4.098724,-16.097116,5.651064,-8.053347,-25.070734,0.054917,3.954623,8.973618,10.339331,13.138987,0.232016,2014,10,13,15,36,57,205,2014-10-13 15:36:57:205,
-1.579575,1.963395,-19.532196,-0.681300,5.520131,-28.626871,-0.898275,-3.556736,9.094674,9.023723,9.500044,12.433556,2014,10,13,15,36,57,707,2014-10-13 15:36:57:707,
-19.605518,17.334169,-5.026327,-15.356858,19.290682,-13.645603,-4.248661,-1.956512,8.619276,15.358850,8.957825,0.181949,2014,10,13,15,36,58,340,2014-10-13 15:36:58:340,
-13.440450,19.689466,18.977940,-12.085332,19.190424,9.278279,-1.355118,0.499041,9.699659,-10.802972,-4.148125,4.240606,2014,10,13,15,36,58,862,2014-10-13 15:36:58:862,
-10.272921,0.388010,-5.167585,-7.075016,-2.281674,-14.045435,-3.197905,2.669685,8.877850,-14.343982,-5.997406,6.080323,2014,10,13,15,36,59,385,2014-10-13 15:36:59:385,
-5.589862,-19.536537,-19.532196,-3.328838,-18.284668,-28.992136,-3.197905,2.669685,8.877850,-3.542201,0.739327,-4.451947,2014,10,13,15,36,59,888,2014-10-13 15:36:59:888,
1.156998,-0.303914,-14.500183,1.495029,5.064934,-22.699726,-0.338031,-5.368848,8.199542,14.042998,11.858606,-2.181856,2014,10,13,15,37,0,391,2014-10-13 15:37:00:391,
-16.777967,19.689466,1.842638,-16.356138,19.632154,-7.954735,-0.421828,0.057311,9.797373,20.866016,3.284293,-2.173334,2014,10,13,15,37,0,896,2014-10-13 15:37:00:896,
-4.016872,15.734843,19.693806,-0.408211,10.278158,12.388198,-3.608660,5.456685,7.305607,3.197496,-1.354921,2.254973,2014,10,13,15,37,1,399,2014-10-13 15:37:01:399,
2.725200,-9.808895,-0.932242,5.031714,-14.739603,-9.089288,-3.608660,5.456685,7.305607,-1.743200,-3.186111,-0.439081,2014,10,13,15,37,1,903,2014-10-13 15:37:01:903,
-9.497200,12.057349,17.407343,-9.003097,21.842152,17.837700,-0.494103,-9.784803,-0.430358,-13.402397,6.706967,-0.650011,2014,10,13,15,37,2,407,2014-10-13 15:37:02:407,
2.607884,3.924246,4.241628,3.640085,8.105720,-4.568586,-1.032200,-4.181473,8.810213,-18.380377,5.335972,-5.737714,2014,10,13,15,37,2,910,2014-10-13 15:37:02:910,
2.607884,3.924246,4.241628,3.640085,8.105720,-4.568586,-1.032200,-4.181473,8.810213,-18.380377,5.335972,-5.737714,2014,10,13,15,37,18,818,2014-10-13 15:37:18:818,
-1.033697,2.008885,-4.830003,-4.242974,6.814048,3.093458,-2.827552,-7.699603,5.375282,-8.183331,2.238589,-5.780483,2014,10,13,15,37,19,327,2014-10-13 15:37:19:327,
-8.271368,-3.167379,19.693806,-9.908254,4.766257,25.221119,1.636886,-7.933636,-5.527314,-8.289857,2.746720,-0.602233,2014,10,13,15,37,19,829,2014-10-13 15:37:19:829,
0.735618,-4.541651,-1.911471,2.292598,4.683807,-4.850653,-1.556979,-9.225458,2.939182,6.862284,-2.218429,2.266536,2014,10,13,15,37,20,337,2014-10-13 15:37:20:337,
12.625224,0.177321,-19.532196,12.068871,8.676138,-14.670919,0.556353,-8.498817,-4.861277,-1.683267,-2.013898,-1.599309,2014,10,13,15,37,20,839,2014-10-13 15:37:20:839,
7.168839,0.335338,-8.627207,4.581155,5.696255,-0.833930,0.556353,-8.498817,-4.861277,-14.160978,4.128489,2.113155,2014,10,13,15,37,21,343,2014-10-13 15:37:21:343,
-11.601703,-1.038934,3.712509,-14.024934,8.395718,2.577657,2.423231,-9.434651,1.134852,-1.186058,16.027493,6.972892,2014,10,13,15,37,21,852,2014-10-13 15:37:21:852,
-3.827730,1.266682,10.275016,0.509815,9.636213,7.571513,-4.337545,-8.369531,2.703503,-9.159761,2.345289,-2.487709,2014,10,13,15,37,22,370,2014-10-13 15:37:22:370,
2.351705,16.996588,19.693806,2.631527,20.368073,10.489147,-0.279822,-3.371485,9.204659,17.416456,-6.691349,-1.550276,2014,10,13,15,37,22,883,2014-10-13 15:37:22:883,
11.890204,16.855330,19.001881,10.921451,21.780203,10.577134,-0.279822,-3.371485,9.204659,20.120911,-4.862223,-2.047739,2014,10,13,15,37,23,387,2014-10-13 15:37:23:387,
-1.474230,-3.299060,-14.782700,-5.103241,0.024541,-23.265205,3.629011,-3.323601,8.482507,4.361389,-0.710887,1.099052,2014,10,13,15,37,23,916,2014-10-13 15:37:23:916,
7.642890,3.402310,-7.734169,6.932261,13.109900,-8.929175,0.710629,-9.707590,1.195006,-21.077324,3.658880,-3.316456,2014,10,13,15,37,24,424,2014-10-13 15:37:24:424,
-2.589928,19.689466,19.693806,-5.260360,28.006174,15.236101,2.670433,-8.316709,4.457704,27.396469,-8.529876,1.953407,2014,10,13,15,37,24,926,2014-10-13 15:37:24:926,
1.925537,19.689466,19.693806,-0.119710,21.742794,10.325294,2.045247,-2.053327,9.368511,17.894163,-5.997703,2.232516,2014,10,13,15,37,25,441,2014-10-13 15:37:25:441,
3.156156,19.689466,15.041871,-0.936582,19.656397,6.130204,4.092738,0.033070,8.911668,24.095066,-3.489005,0.970178,2014,10,13,15,37,25,954,2014-10-13 15:37:25:954,
0.223259,11.149947,-15.582362,-3.333327,13.599963,-24.386740,3.556587,-2.450016,8.804378,13.538166,-7.550823,3.631216,2014,10,13,15,37,26,460,2014-10-13 15:37:26:460,
4.540005,7.855525,1.531391,2.285265,16.295835,5.986701,3.556587,-2.450016,8.804378,-20.670670,3.717544,-4.863202,2014,10,13,15,37,26,968,2014-10-13 15:37:26:968,
3.773860,19.689466,12.671612,-0.521786,24.301596,5.158607,4.295647,-4.612130,7.513005,-17.459038,4.265127,0.407735,2014,10,13,15,37,27,471,2014-10-13 15:37:27:471,
2.643797,19.689466,14.977228,-3.201946,17.154156,7.522881,5.845743,2.535310,7.454347,31.110628,-13.450220,2.007762,2014,10,13,15,37,27,980,2014-10-13 15:37:27:980,
-4.024055,19.689466,10.792164,-7.645883,20.102915,1.688361,3.621829,-0.413449,9.103803,23.858244,-2.593028,3.044269,2014,10,13,15,37,28,483,2014-10-13 15:37:28:483,
19.620483,7.970447,-13.183372,14.885350,10.531943,-21.380072,4.735132,-2.561496,8.196699,-20.736921,4.292841,-7.685074,2014,10,13,15,37,28,996,2014-10-13 15:37:28:996,
-0.801459,5.552303,-5.940912,-6.699874,13.095386,-8.057536,5.898415,-7.543082,2.116624,18.980289,-6.825294,3.502340,2014,10,13,15,37,29,509,2014-10-13 15:37:29:509,
1.755548,14.226496,6.473023,-3.682132,22.384140,6.233902,5.437681,-8.157643,0.239121,-17.837381,4.323763,-7.640326,2014,10,13,15,37,30,12,2014-10-13 15:37:30:12,
2.844910,19.689466,19.693806,-2.274641,24.512884,12.860455,5.119552,-4.823419,6.833351,26.528719,-12.241090,1.861834,2014,10,13,15,37,30,519,2014-10-13 15:37:30:519,
4.597466,0.440683,-10.789170,-0.053421,-1.994370,-19.072210,4.650887,2.435053,8.283040,-12.160619,-2.766628,1.594453,2014,10,13,15,37,31,22,2014-10-13 15:37:31:22,
0.836175,19.689466,10.792164,-3.711462,26.793062,15.795297,4.547637,-7.103596,-5.003133,-20.840485,1.151438,-0.675620,2014,10,13,15,37,31,525,2014-10-13 15:37:31:525,
0.319027,9.373449,-3.400664,-3.787029,9.533562,-12.304700,4.106056,-0.160112,8.904037,20.125324,-9.206128,1.681810,2014,10,13,15,37,32,28,2014-10-13 15:37:32:28,
-1.977012,15.224878,5.457882,-3.787029,9.533562,-12.304700,4.106056,-0.160112,8.904037,-17.996260,4.365350,-2.902020,2014,10,13,15,37,32,531,2014-10-13 15:37:32:531,
11.736976,19.689466,19.693806,9.021202,27.498604,14.420127,2.715773,-7.809138,5.273678,-5.533731,1.352782,-1.189075,2014,10,13,15,37,33,34,2014-10-13 15:37:33:34,
-0.253187,18.258331,9.061155,-4.912902,19.513493,0.524181,4.659715,-1.255160,8.536975,24.508734,-3.532488,6.291220,2014,10,13,15,37,33,542,2014-10-13 15:37:33:542,
10.523115,-1.386093,-19.532196,7.155521,7.780856,-20.424486,3.367594,-9.166949,0.892289,-4.827582,0.446274,2.914331,2014,10,13,15,37,34,46,2014-10-13 15:37:34:46,
0.989404,19.689466,11.153687,-6.079626,21.062391,17.810616,7.069030,-1.372925,-6.656928,-19.061722,1.658566,0.388594,2014,10,13,15,37,34,548,2014-10-13 15:37:34:548,
-1.134253,8.099734,3.473089,-4.657171,10.482264,-5.363311,3.522918,-2.382530,8.836400,25.231972,-6.886985,2.592626,2014,10,13,15,37,35,58,2014-10-13 15:37:35:58,
-2.326566,19.689466,9.449017,-5.219210,27.853096,14.049026,2.892645,-8.163630,-4.600009,-19.852194,1.784279,0.899924,2014,10,13,15,37,35,606,2014-10-13 15:37:35:606,
-3.432687,12.569709,5.496189,-5.706580,19.342905,-1.221192,2.273893,-6.773197,6.717382,29.802977,-5.617177,2.585172,2014,10,13,15,37,36,109,2014-10-13 15:37:36:109,
-1.450288,19.689466,10.088268,-4.725256,27.898735,14.337378,3.274969,-8.209269,-4.249109,-23.507154,0.922491,0.351315,2014,10,13,15,37,36,612,2014-10-13 15:37:36:612,
-2.984971,19.689466,7.109881,-6.649446,28.263552,4.072238,3.664475,-8.574085,3.037643,29.040211,-8.237718,5.892821,2014,10,13,15,37,37,115,2014-10-13 15:37:37:115,
12.244546,11.473165,-12.955923,9.234885,20.298941,-15.992070,3.009661,-8.825776,3.036147,-23.037470,4.332428,-6.282080,2014,10,13,15,37,37,618,2014-10-13 15:37:37:618,
1.817798,19.689466,18.216583,9.234885,20.298941,-15.992070,3.009661,-8.825776,3.036147,32.562943,-13.044165,0.728425,2014,10,13,15,37,38,122,2014-10-13 15:37:38:122,
3.819350,5.308095,-13.587993,0.952892,12.852224,-19.159449,2.866458,-7.544129,5.571457,-15.342064,-4.501792,2.672537,2014,10,13,15,37,38,626,2014-10-13 15:37:38:626,
13.331513,14.207342,19.693806,7.836372,10.628310,26.985197,5.495142,3.579032,-7.291392,8.540100,-8.133279,-2.061498,2014,10,13,15,37,39,130,2014-10-13 15:37:39:130,
-0.332195,2.633771,-10.595241,-5.165490,9.291897,-15.931617,4.833295,-6.658125,5.336376,9.194178,-8.498667,3.523683,2014,10,13,15,37,39,636,2014-10-13 15:37:39:636,
-11.235390,19.689466,4.153042,-16.789190,25.235035,10.032902,5.553800,-5.545570,-5.879860,-26.386719,4.677589,-3.203462,2014,10,13,15,37,40,140,2014-10-13 15:37:40:140,
-11.235390,19.689466,4.153042,-16.789190,25.235035,10.032902,5.553800,-5.545570,-5.879860,32.391476,-10.387406,2.230446,2014,10,13,15,38,1,133,2014-10-13 15:38:01:133,
6.153697,0.366462,-8.998308,0.972944,-5.686678,-3.280954,5.180753,6.053141,-5.717354,-13.786960,-1.245019,0.745280,2014,10,13,15,38,10,403,2014-10-13 15:38:10:403,
-14.797962,10.098892,2.323872,-13.586347,7.195025,-6.964134,-1.211616,2.903867,9.288006,10.414640,9.918990,-6.207692,2014,10,13,15,38,10,990,2014-10-13 15:38:10:990,
6.002862,1.034445,-4.628890,-1.490839,-3.287987,-0.010325,7.493701,4.322432,-4.618565,11.531038,-9.886406,4.002867,2014,10,13,15,38,11,493,2014-10-13 15:38:11:493,
-0.023343,5.980865,3.173814,-2.120515,1.766771,-5.429152,2.097171,4.214094,8.602965,-16.056334,7.293171,-5.986103,2014,10,13,15,38,11,995,2014-10-13 15:38:11:995,
-6.322488,-3.931129,-6.328773,-11.168951,-11.889156,-9.386468,4.846463,7.958027,3.057695,7.669236,-6.283624,1.420681,2014,10,13,15,38,12,502,2014-10-13 15:38:12:502,
6.591836,-2.506580,-9.975142,2.302175,-2.821866,-18.788050,4.289661,0.315286,8.812907,-7.924381,-0.929531,2.014050,2014,10,13,15,38,13,4,2014-10-13 15:38:13:04,
-3.293823,18.677317,19.693806,2.302175,-2.821866,-18.788050,4.289661,0.315286,8.812907,9.029303,-6.418838,0.713363,2014,10,13,15,38,13,525,2014-10-13 15:38:13:525,
1.307833,-0.047734,-10.370186,-6.244078,-0.370652,-4.122366,7.551911,0.322918,-6.247819,-2.330858,-5.290675,4.231943,2014,10,13,15,38,14,33,2014-10-13 15:38:14:33,
-2.621052,4.458153,11.546337,-5.544073,4.763114,2.190545,2.923021,-0.304961,9.355792,-13.785645,2.545410,-5.303239,2014,10,13,15,38,14,537,2014-10-13 15:38:14:537,
10.669162,-0.217723,0.001496,5.716306,-8.588750,1.251569,4.952855,8.371027,-1.250073,4.948929,-3.917488,5.787243,2014,10,13,15,38,15,39,2014-10-13 15:38:15:39,
1.525705,19.445856,4.399645,5.716306,-8.588750,1.251569,4.952855,8.371027,-1.250073,-24.717621,4.419272,-8.186895,2014,10,13,15,38,15,549,2014-10-13 15:38:15:549,
-16.524181,16.862513,3.078046,-20.468031,7.888296,2.800468,3.943849,8.974216,0.277578,25.788523,-12.440622,7.707926,2014,10,13,15,38,16,51,2014-10-13 15:38:16:51,
12.606071,12.493094,-12.845790,4.503344,8.038532,-16.112528,8.102727,4.454562,3.266739,-20.244749,10.482802,-11.978160,2014,10,13,15,38,16,555,2014-10-13 15:38:16:555,
-8.491635,19.689466,19.693806,-10.325593,13.168858,12.602479,1.833959,6.520608,7.091326,22.745909,-10.192856,5.281268,2014,10,13,15,38,17,57,2014-10-13 15:38:17:57,
3.177704,-0.145897,-0.072724,-10.325593,13.168858,12.602479,1.833959,6.520608,7.091326,-10.147326,4.509924,-5.620648,2014,10,13,15,38,17,560,2014-10-13 15:38:17:560,
3.419518,19.689466,19.693806,0.273388,12.504018,13.808259,3.146131,7.185448,5.885546,11.624459,-5.830574,-0.058897,2014,10,13,15,38,18,63,2014-10-13 15:38:18:63,
11.533468,-1.860145,-9.460389,4.947767,-0.689530,-2.289006,6.585701,-1.170615,-7.171382,-4.580344,-0.573494,0.062544,2014,10,13,15,38,18,567,2014-10-13 15:38:18:567,
2.404377,13.146711,19.693806,2.037316,12.464065,9.917980,0.367061,0.682647,9.775825,-13.425273,1.477151,-5.582290,2014,10,13,15,38,19,69,2014-10-13 15:38:19:69,
-3.176507,6.126912,8.211214,2.037316,12.464065,9.917980,0.367061,0.682647,9.775825,17.109467,-4.507505,7.517266,2014,10,13,15,38,19,571,2014-10-13 15:38:19:571,
10.477625,12.263250,-8.615235,2.956091,6.140379,-10.066122,7.521534,6.122871,1.450886,-19.888279,9.904469,-10.062789,2014,10,13,15,38,21,632,2014-10-13 15:38:21:632,
4.800973,2.473360,-11.574469,-1.412429,0.441880,-4.264372,6.213402,2.031480,-7.310096,8.705943,-8.658934,6.285799,2014,10,13,15,38,22,147,2014-10-13 15:38:22:147,
-0.432752,19.689466,5.354931,-6.401647,12.524967,8.390031,5.968894,7.164499,-3.035100,-24.310863,4.753811,-7.467831,2014,10,13,15,38,22,658,2014-10-13 15:38:22:658,
-6.272210,19.689466,7.133823,-8.974814,25.477598,14.574553,2.702605,-5.788132,-7.440730,33.112030,-10.412309,5.428272,2014,10,13,15,38,23,162,2014-10-13 15:38:23:162,
15.278000,3.742287,-7.494749,13.181876,9.857377,-0.120159,2.096124,-6.115090,-7.374590,-15.745258,5.949088,-10.670004,2014,10,13,15,38,23,671,2014-10-13 15:38:23:671,
13.116035,-3.797054,-9.718963,7.422773,-10.046519,-4.749049,5.693262,6.249465,-4.969914,-11.907257,0.557824,-0.258099,2014,10,13,15,38,24,184,2014-10-13 15:38:24:184,
-0.985813,19.689466,16.942867,-7.688979,14.453048,21.823149,6.703166,5.236418,-4.880281,-20.747887,2.858795,-3.095964,2014,10,13,15,38,24,687,2014-10-13 15:38:24:687,
9.685144,4.326472,-10.118794,9.689184,13.858388,-12.423812,-0.004040,-9.531916,2.305018,7.078725,-7.649978,4.983016,2014,10,13,15,38,25,191,2014-10-13 15:38:25:191,
-0.370503,16.378883,10.746674,9.689184,13.858388,-12.423812,-0.004040,-9.531916,2.305018,-19.047951,2.755525,-3.269588,2014,10,13,15,38,25,704,2014-10-13 15:38:25:704,
-6.650494,19.689466,13.816040,-7.918822,29.375359,12.951584,1.268328,-9.685893,0.864456,23.597677,-6.921310,2.933454,2014,10,13,15,38,26,207,2014-10-13 15:38:26:207,
8.004415,1.113453,-16.997335,8.352771,10.556784,-14.375535,-0.348356,-9.443330,-2.621800,1.382654,-3.763866,3.869821,2014,10,13,15,38,26,709,2014-10-13 15:38:26:709,
-0.966659,19.689466,9.963770,-6.856096,12.795661,13.700071,5.889437,6.893805,-3.736301,-26.431541,2.620301,-4.165459,2014,10,13,15,38,27,213,2014-10-13 15:38:27:213,
-9.849147,19.689466,0.386963,-6.856096,12.795661,13.700071,5.889437,6.893805,-3.736301,32.320988,-4.781156,7.215826,2014,10,13,15,38,27,716,2014-10-13 15:38:27:716,
-2.688090,1.752705,4.241628,-4.326173,6.917597,12.415582,1.638083,-5.164892,-8.173954,-10.734897,4.763619,-3.752135,2014,10,13,15,38,28,219,2014-10-13 15:38:28:219,
-4.313753,-3.634248,7.231986,-5.910087,3.755455,13.478308,1.596334,-7.389704,-6.246323,-0.039641,-0.079072,-0.456207,2014,10,13,15,38,28,722,2014-10-13 15:38:28:722,
-4.881179,-1.778742,9.243114,-4.856339,5.596297,15.706861,-0.024840,-7.375039,-6.463746,1.323801,-0.499826,0.421577,2014,10,13,15,38,29,225,2014-10-13 15:38:29:225,
-3.423110,-0.258424,9.176077,-1.411232,8.633492,12.789676,-0.024840,-7.375039,-6.463746,0.554680,-0.266533,0.267114,2014,10,13,15,38,29,735,2014-10-13 15:38:29:735,
-5.125387,1.544410,12.918215,-2.479645,10.906037,14.155868,-2.645742,-9.361628,-1.237653,-0.255005,-0.802339,-1.559809,2014,10,13,15,38,30,237,2014-10-13 15:38:30:237,
-18.779520,2.636166,-0.015263,-15.381100,11.708096,-1.539023,-3.398420,-9.071930,1.523760,24.180031,-4.281492,5.366540,2014,10,13,15,38,30,746,2014-10-13 15:38:30:746,
10.726623,0.945859,-19.200001,13.542353,6.967725,-11.990162,-2.815731,-6.021866,-7.209839,-11.659778,-2.587708,1.990720,2014,10,13,15,38,31,253,2014-10-13 15:38:31:253,
-4.392762,-3.294272,8.838495,-6.147113,-8.362647,17.048512,-2.815731,-6.021866,-7.209839,2.782013,-0.722430,1.038374,2014,10,13,15,38,31,756,2014-10-13 15:38:31:756,
-14.338275,11.865813,1.883339,-10.557681,20.816387,3.212719,-3.780594,-8.950573,-1.329381,25.292089,-5.070832,2.630946,2014,10,13,15,38,32,271,2014-10-13 15:38:32:271,
-4.854843,-9.255835,-3.168427,-1.880197,-1.339107,1.796399,-2.974646,-7.916727,-4.964826,-0.235907,0.068003,-0.135546,2014,10,13,15,38,32,773,2014-10-13 15:38:32:773,
-7.773375,-5.298219,-10.544962,-7.955184,-3.748422,-0.863110,0.181810,-1.549797,-9.681852,10.900271,-6.064699,1.466618,2014,10,13,15,38,33,277,2014-10-13 15:38:33:277,
12.021885,9.995942,-11.244069,14.151977,11.990911,-1.881693,0.181810,-1.549797,-9.681852,-21.542356,4.545335,-5.518321,2014,10,13,15,38,33,781,2014-10-13 15:38:33:781,
0.802656,19.689466,19.693806,-1.080384,25.707293,27.204716,1.883040,-6.017826,-7.510910,34.635330,-14.733795,4.571870,2014,10,13,15,38,34,285,2014-10-13 15:38:34:285,
2.284667,-5.025280,-2.375946,6.955754,-1.409287,-10.203938,-4.671088,-3.615993,7.827992,-10.350785,2.239064,-2.005073,2014,10,13,15,38,34,789,2014-10-13 15:38:34:789,
-5.228338,-7.002890,4.318242,-2.196830,-0.102352,10.592546,-3.031508,-6.900538,-6.274305,0.113198,-0.062944,0.007219,2014,10,13,15,38,35,292,2014-10-13 15:38:35:292,
0.441132,12.440422,10.993277,-2.196830,-0.102352,10.592546,-3.031508,-6.900538,-6.274305,-16.982166,2.595956,-5.275427,2014,10,13,15,38,35,797,2014-10-13 15:38:35:797,
-2.721609,-7.912687,6.185719,-4.207959,-8.917054,15.827020,1.486350,1.004368,-9.641300,-4.080684,2.793013,-1.505461,2014,10,13,15,38,36,302,2014-10-13 15:38:36:302,
4.384382,-3.447501,-16.647781,5.534945,5.103391,-11.985972,-1.150564,-8.550891,-4.661810,-4.080684,2.793013,-1.505461,2014,10,13,15,38,36,805,2014-10-13 15:38:36:805,
-6.983288,-6.732346,6.767510,5.534945,5.103391,-11.985972,-1.150564,-8.550891,-4.661810,-2.725642,0.325854,-0.406109,2014,10,13,15,38,37,308,2014-10-13 15:38:37:308,
1.896806,19.689466,18.702606,2.974945,25.745150,26.340708,-1.078139,-6.055684,-7.638102,-19.217609,4.495957,-3.862991,2014,10,13,15,38,45,858,2014-10-13 15:38:45:858,
-8.328829,4.565892,1.528997,-5.848436,14.027478,2.234838,-2.480393,-9.461586,-0.705841,18.022970,-7.667232,5.944899,2014,10,13,15,38,46,361,2014-10-13 15:38:46:361,
12.426505,14.248044,-15.752351,12.764986,11.117775,-6.464794,-0.338480,3.130269,-9.287558,-19.801540,9.168252,-9.874268,2014,10,13,15,38,46,922,2014-10-13 15:38:46:922,
0.381277,19.689466,15.137639,-0.616956,14.714614,23.529615,0.998232,4.974852,-8.391976,-18.305908,4.118898,-5.493900,2014,10,13,15,38,47,439,2014-10-13 15:38:47:439,
0.431555,3.507655,-13.508984,4.473267,12.440272,-13.721619,-4.041712,-8.932617,0.212635,4.874013,-9.668757,4.120127,2014,10,13,15,38,47,942,2014-10-13 15:38:47:942,
11.547833,4.563498,0.705392,9.571420,-4.331709,4.330063,1.976413,8.895207,-3.624672,-16.976690,4.454518,-8.668373,2014,10,13,15,38,48,445,2014-10-13 15:38:48:445,
-2.621052,19.689466,19.693806,9.571420,-4.331709,4.330063,1.976413,8.895207,-3.624672,27.278282,-7.485930,3.323333,2014,10,13,15,38,48,952,2014-10-13 15:38:48:952,
0.931943,15.943139,-3.187580,5.432893,24.567801,-1.951125,-4.500949,-8.624662,-1.236456,24.459593,-10.987454,8.425950,2014,10,13,15,38,49,458,2014-10-13 15:38:49:458,
10.733805,19.689466,-8.004714,9.642049,15.597177,0.840215,1.091756,4.092289,-8.844930,-20.621424,15.684659,-10.250261,2014,10,13,15,38,49,960,2014-10-13 15:38:49:960,
4.913500,19.689466,19.693806,3.406949,15.886127,28.606520,1.506551,3.803339,-8.912715,18.047676,-10.711528,1.384557,2014,10,13,15,38,50,462,2014-10-13 15:38:50:462,
10.618883,-2.228852,-10.738893,3.406949,15.886127,28.606520,1.506551,3.803339,-8.912715,-5.829309,-3.779813,3.533205,2014,10,13,15,38,50,965,2014-10-13 15:38:50:965,
3.895965,1.700033,5.881656,5.281459,-7.712622,8.259248,-1.385495,9.412654,-2.377592,-12.668305,-1.735570,-0.111064,2014,10,13,15,38,51,473,2014-10-13 15:38:51:473,
7.851186,-2.635866,-2.105401,11.563545,-5.698200,6.439355,-3.712359,3.062334,-8.544756,1.520920,-7.928992,3.550256,2014,10,13,15,38,51,976,2014-10-13 15:38:51:976,
0.309451,-8.305336,6.858490,9.360580,-12.035952,7.432949,-9.051130,3.730615,-0.574459,-0.490300,1.785155,1.729719,2014,10,13,15,38,52,489,2014-10-13 15:38:52:489,
6.060323,-2.978237,10.763433,8.524705,-12.344953,9.226805,-9.051130,3.730615,-0.574459,-1.157251,-7.198195,-2.111619,2014,10,13,15,38,52,993,2014-10-13 15:38:52:993,
6.323685,-1.759589,6.889615,12.090120,-9.689334,6.697330,-5.766435,7.929746,0.192284,1.821228,1.251483,-1.859151,2014,10,13,15,38,53,495,2014-10-13 15:38:53:495,
1.092355,6.924181,7.471406,7.799112,13.570933,10.119842,-6.706758,-6.646753,-2.648436,2.089623,0.370523,-0.055655,2014,10,13,15,38,54,0,2014-10-13 15:38:54:00,
0.163404,7.082198,6.851307,0.451008,16.278776,3.458574,-0.287603,-9.196578,3.392733,0.160429,-0.239874,0.037023,2014,10,13,15,38,54,504,2014-10-13 15:38:54:504,
0.546477,7.252187,6.477812,0.216975,15.929971,1.921646,0.329502,-8.677784,4.556166,-0.111264,0.029652,0.055136,2014,10,13,15,38,55,8,2014-10-13 15:38:55:08,
0.472256,7.484424,6.343737,-0.117765,15.402947,0.588674,0.590021,-7.918523,5.755062,0.006980,-0.093919,-0.109980,2014,10,13,15,38,55,512,2014-10-13 15:38:55:512,
0.558448,6.998401,7.789834,-0.225055,13.807660,0.776170,0.783503,-6.809259,7.013664,-0.454350,0.065890,0.015726,2014,10,13,15,38,56,23,2014-10-13 15:38:56:23,
0.498592,7.091775,6.930316,-0.379182,12.791022,-1.001824,0.877774,-5.699247,7.932140,0.077216,0.028606,0.078576,2014,10,13,15,38,56,540,2014-10-13 15:38:56:540,
0.421978,7.233033,6.664560,-0.089034,11.774684,-2.012027,0.511012,-4.541651,8.676587,0.082440,-0.060849,-0.036466,2014,10,13,15,38,57,43,2014-10-13 15:38:57:43,
0.606332,7.580192,6.133047,-0.015263,10.619033,-3.170073,0.621595,-3.038841,9.303120,0.008937,0.087223,0.013602,2014,10,13,15,38,57,618,2014-10-13 15:38:57:618,
0.656610,7.383868,6.611887,-0.174328,8.691550,-3.071611,0.830938,-1.307683,9.683498,-0.018978,-0.029898,-0.046039,2014,10,13,15,38,58,122,2014-10-13 15:38:58:122,
0.663792,7.541885,6.269516,-0.269797,7.771130,-3.489848,0.933589,-0.229245,9.759365,-0.028566,0.018039,0.006159,2014,10,13,15,38,58,648,2014-10-13 15:38:58:648,
0.632668,7.443723,6.054038,-0.364517,6.302137,-3.634697,0.997185,1.141585,9.688736,-0.057431,-0.010696,-0.007683,2014,10,13,15,38,59,159,2014-10-13 15:38:59:159,
0.764349,7.484424,6.039673,-0.204255,5.367202,-3.486556,0.968604,2.117223,9.526229,0.077858,0.030850,0.005100,2014,10,13,15,38,59,662,2014-10-13 15:38:59:662,
0.781108,7.534702,6.104317,-0.242413,4.535666,-3.176058,1.023521,2.999037,9.280375,0.090487,-0.072440,0.023220,2014,10,13,15,39,0,165,2014-10-13 15:39:00:165,
0.783503,7.587375,7.241562,-0.257826,3.804087,-1.745672,1.041328,3.783288,8.987235,0.273713,0.071371,-0.036435,2014,10,13,15,39,0,678,2014-10-13 15:39:00:678,
